,Date,User,XP,Event
0,1-5-2021,3070,50,StoreItemClick
1,1-5-2021,3070,50,Payment
2,1-5-2021,3070,50,StoreOpened
3,1-5-2021,3070,50,StoreItemClick
4,1-5-2021,3070,50,Transaction
5,1-5-2021,3070,50,Payment
6,1-5-2021,3070,50,SpendMoney
7,1-5-2021,3070,50,PartyJoin
8,1-5-2021,3070,50,PartyJoin
9,1-5-2021,3070,50,StoreOpened
10,1-5-2021,3070,50,Payment
11,1-5-2021,3070,50,SpendMoney
12,1-5-2021,3070,50,Payment
13,1-5-2021,3070,50,Transaction
14,1-5-2021,3070,50,MessageSent
15,1-5-2021,3070,50,PartyJoin
16,1-5-2021,3070,50,Payment
17,1-5-2021,3070,50,StoreOpened
18,1-5-2021,3070,50,StoreItemClick
19,1-5-2021,3070,50,Transaction
20,1-5-2021,3070,50,Payment
21,1-5-2021,3070,50,StoreOpened
22,1-5-2021,3070,50,StoreItemClick
23,1-5-2021,3070,50,Transaction
24,1-5-2021,3070,50,Payment
25,1-5-2021,3070,50,SpendMoney
26,1-5-2021,3070,50,StoreItemClick
27,1-5-2021,3070,50,PartyJoin
28,1-5-2021,3070,50,Reply
29,1-5-2021,3070,50,PartyJoin
30,1-5-2021,3070,50,Transaction
31,1-5-2021,3070,50,ConversationMsgSent
32,1-5-2021,3070,50,StoreOpened
33,1-5-2021,3070,50,StoreItemClick
34,1-5-2021,3070,50,Transaction
35,1-5-2021,3070,50,Payment
36,1-5-2021,3070,50,SpendMoney
37,1-5-2021,3070,50,SpendMoney
38,1-5-2021,3070,50,Payment
39,1-5-2021,3070,50,ConversationNew
40,1-5-2021,3070,50,MessageSent
41,1-5-2021,3070,50,StoreItemClick
42,1-5-2021,3070,50,Payment
43,1-5-2021,3070,50,PartyJoin
44,1-5-2021,3070,50,ConversationNew
45,1-5-2021,3070,50,Transaction
46,1-5-2021,3070,50,Reply
47,1-5-2021,3070,50,Transaction
48,1-5-2021,3070,50,Payment
49,1-5-2021,3070,50,Reply
50,1-5-2021,3070,50,Reply
51,1-5-2021,3070,50,ConversationMsgSent
52,1-5-2021,3070,50,Reply
53,1-5-2021,3070,50,Payment
54,1-5-2021,3070,50,ConversationMsgSent
55,1-5-2021,3070,50,ConversationNew
56,1-5-2021,3070,50,StoreOpened
57,1-5-2021,3070,50,StoreItemClick
58,1-5-2021,3070,50,Transaction
59,1-5-2021,3070,50,Payment
60,1-5-2021,3070,50,SpendMoney
61,1-5-2021,3070,50,Reply
62,1-5-2021,3070,50,PartyJoin
63,1-5-2021,3070,50,Reply
64,1-5-2021,3070,50,ConversationNew
65,1-5-2021,3070,50,Reply
66,1-5-2021,3070,50,StoreOpened
67,1-5-2021,3070,50,Payment
68,1-5-2021,3070,50,StoreItemClick
69,1-5-2021,3070,50,Reply
70,1-5-2021,3070,50,Payment
71,1-5-2021,3070,50,ConversationNew
72,1-5-2021,3070,50,StoreOpened
73,1-5-2021,3070,50,StoreItemClick
74,1-5-2021,3070,50,Transaction
75,1-5-2021,3070,50,Payment
76,1-5-2021,3070,50,SpendMoney
77,1-5-2021,3070,50,StoreItemClick
78,1-5-2021,3070,50,Reply
79,1-5-2021,3070,50,SpendMoney
80,1-5-2021,3070,50,Payment
81,1-5-2021,3070,50,StoreOpened
82,1-5-2021,3070,50,Payment
83,1-5-2021,3070,50,MessageSent
84,1-5-2021,3070,50,MessageSent
85,1-5-2021,3070,50,ConversationMsgSent
86,1-5-2021,3070,50,ConversationMsgSent
87,1-5-2021,3070,50,Transaction
88,1-5-2021,3070,50,MessageSent
89,1-5-2021,3070,50,SpendMoney
90,1-5-2021,3070,50,ConversationMsgSent
91,1-5-2021,3070,50,StoreOpened
92,1-5-2021,3070,50,StoreItemClick
93,1-5-2021,3070,50,Transaction
94,1-5-2021,3070,50,Payment
95,1-5-2021,3070,50,StoreOpened
96,1-5-2021,3070,50,StoreOpened
97,1-5-2021,3070,50,StoreItemClick
98,1-5-2021,3070,50,Transaction
99,1-5-2021,3070,50,Payment
100,1-5-2021,3070,50,SpendMoney
101,1-5-2021,3070,50,PartyJoin
102,1-5-2021,3070,50,MessageSent
103,1-5-2021,3070,50,ConversationNew
104,1-5-2021,3070,50,MessageSent
105,1-5-2021,3070,50,Payment
106,1-5-2021,3070,50,StoreItemClick
107,1-5-2021,3070,50,ConversationMsgSent
108,1-5-2021,3070,50,Payment
109,1-5-2021,3070,50,PartyJoin
110,1-5-2021,3070,50,StoreOpened
111,1-5-2021,3070,50,SpendMoney
112,1-5-2021,3070,50,Transaction
113,1-5-2021,3070,50,MessageSent
114,1-5-2021,3070,50,StoreItemClick
115,1-5-2021,3070,50,Payment
116,1-5-2021,3070,50,MessageSent
117,1-5-2021,3070,50,StoreOpened
118,1-5-2021,3070,50,ConversationNew
119,1-5-2021,3070,50,ConversationMsgSent
120,1-5-2021,3070,50,StoreOpened
121,1-5-2021,3070,50,PartyJoin
122,1-5-2021,3070,50,StoreItemClick
123,1-5-2021,3070,50,Reply
124,1-5-2021,3070,50,Payment
125,1-5-2021,3070,50,Reply
126,1-5-2021,3070,50,StoreOpened
127,1-5-2021,3070,50,StoreItemClick
128,1-5-2021,3070,50,Transaction
129,1-5-2021,3070,50,Payment
130,1-5-2021,3070,50,SpendMoney
131,1-5-2021,3070,50,SpendMoney
132,1-5-2021,3070,50,StoreOpened
133,1-5-2021,3070,50,Transaction
134,1-5-2021,3070,50,SpendMoney
135,1-5-2021,3070,50,Transaction
136,1-5-2021,3070,50,StoreItemClick
137,1-5-2021,3070,50,StoreOpened
138,1-5-2021,3070,50,StoreItemClick
139,1-5-2021,3070,50,Transaction
140,1-5-2021,3070,50,Payment
141,1-5-2021,3070,50,SpendMoney
142,1-5-2021,3070,50,PartyJoin
143,1-5-2021,3070,50,Payment
144,1-5-2021,3070,50,Payment
145,1-5-2021,3070,50,SpendMoney
146,1-5-2021,3070,50,Payment
147,1-5-2021,3070,50,ConversationNew
148,1-5-2021,3070,50,Transaction
149,1-5-2021,3070,50,StoreOpened
150,1-5-2021,3070,50,StoreItemClick
151,1-5-2021,3070,50,Transaction
152,1-5-2021,3070,50,Payment
153,1-5-2021,3070,50,SpendMoney
154,1-5-2021,3070,50,SpendMoney
155,1-5-2021,3070,50,Reply
156,1-5-2021,3070,50,ConversationNew
157,1-5-2021,3070,50,StoreItemClick
158,1-5-2021,3070,50,ConversationMsgSent
159,1-5-2021,3070,50,Payment
160,1-5-2021,3070,50,PartyJoin
161,1-5-2021,3070,50,SpendMoney
162,1-5-2021,3070,50,StoreOpened
163,1-5-2021,3070,50,StoreItemClick
164,1-5-2021,3070,50,Transaction
165,1-5-2021,3070,50,Payment
166,1-5-2021,3070,50,SpendMoney
167,1-5-2021,3070,50,Transaction
168,1-5-2021,3070,50,Payment
169,1-5-2021,3070,50,SpendMoney
170,1-5-2021,3070,50,SpendMoney
171,1-5-2021,3070,50,StoreOpened
172,1-5-2021,3070,50,Reply
173,1-5-2021,3070,50,StoreOpened
174,1-5-2021,3070,50,StoreItemClick
175,1-5-2021,3070,50,Transaction
176,1-5-2021,3070,50,StoreOpened
177,1-5-2021,3070,50,StoreItemClick
178,1-5-2021,3070,50,Transaction
179,1-5-2021,3070,50,Payment
180,1-5-2021,3070,50,StoreOpened
181,1-5-2021,3070,50,StoreItemClick
182,1-5-2021,3070,50,Transaction
183,1-5-2021,3070,50,Payment
184,1-5-2021,3070,50,SpendMoney
185,1-5-2021,3070,50,Payment
186,1-5-2021,3070,50,SpendMoney
187,1-5-2021,3070,50,StoreOpened
188,1-5-2021,3070,50,MessageSent
189,1-5-2021,3070,50,SpendMoney
190,1-5-2021,3070,50,StoreOpened
191,1-5-2021,3070,50,StoreItemClick
192,1-5-2021,3070,50,Transaction
193,1-5-2021,3070,50,Payment
194,1-5-2021,3070,50,SpendMoney
195,1-5-2021,3070,50,StoreItemClick
196,1-5-2021,3070,50,ConversationNew
197,1-5-2021,3070,50,StoreItemClick
198,1-5-2021,3070,50,SpendMoney
199,1-5-2021,3070,50,PartyJoin
200,1-5-2021,3070,50,StoreOpened
201,1-5-2021,3070,50,StoreItemClick
202,1-5-2021,3070,50,Transaction
203,1-5-2021,3070,50,Payment
204,1-5-2021,3070,50,SpendMoney
205,1-5-2021,3070,50,StoreOpened
206,1-5-2021,3070,50,StoreItemClick
207,1-5-2021,3070,50,Transaction
208,1-5-2021,3070,50,StoreOpened
209,1-5-2021,3070,50,StoreItemClick
210,1-5-2021,3070,50,Transaction
211,1-5-2021,3070,50,Payment
212,1-5-2021,3070,50,SpendMoney
213,1-5-2021,3070,50,StoreOpened
214,1-5-2021,3070,50,MessageSent
215,1-5-2021,3070,50,ConversationMsgSent
216,1-5-2021,3070,50,Reply
217,1-5-2021,3070,50,SpendMoney
218,1-5-2021,3070,50,Reply
219,1-5-2021,3070,50,ConversationNew
220,1-5-2021,3070,50,ConversationNew
221,1-5-2021,3070,50,SpendMoney
222,1-5-2021,3070,50,StoreOpened
223,1-5-2021,3070,50,StoreItemClick
224,1-5-2021,3070,50,Transaction
225,1-5-2021,3070,50,Payment
226,1-5-2021,3070,50,SpendMoney
227,1-5-2021,3070,50,ConversationNew
228,1-5-2021,3070,50,Payment
229,1-5-2021,3070,50,Transaction
230,1-5-2021,3070,50,StoreItemClick
231,1-5-2021,3070,50,Payment
232,1-5-2021,3070,50,ConversationNew
233,1-5-2021,3070,50,MessageSent
234,1-5-2021,3070,50,ConversationMsgSent
235,1-5-2021,3070,50,ConversationNew
236,1-5-2021,3070,50,SpendMoney
237,1-5-2021,3070,50,MessageSent
238,1-5-2021,3070,50,StoreOpened
239,1-5-2021,3070,50,StoreItemClick
240,1-5-2021,3070,50,Transaction
241,1-5-2021,3070,50,Payment
242,1-5-2021,3070,50,SpendMoney
243,1-5-2021,3070,50,ConversationNew
244,1-5-2021,3070,50,StoreOpened
245,1-5-2021,3070,50,Payment
246,1-5-2021,3070,50,Payment
247,1-5-2021,3070,50,StoreItemClick
248,1-5-2021,3070,50,MessageSent
249,1-5-2021,3070,50,StoreItemClick
250,1-5-2021,3070,50,ConversationMsgSent
251,1-5-2021,3070,50,Reply
252,1-5-2021,3070,50,Payment
253,1-5-2021,3070,50,ConversationNew
254,1-5-2021,3070,50,Reply
255,1-5-2021,3070,50,Payment
256,1-5-2021,3070,50,SpendMoney
257,1-5-2021,3070,50,ConversationNew
258,1-5-2021,3070,50,PartyJoin
259,1-5-2021,3070,50,StoreItemClick
260,1-5-2021,3070,50,StoreOpened
261,1-5-2021,3070,50,ConversationNew
262,1-5-2021,3070,50,Reply
263,1-5-2021,3070,50,Reply
264,1-5-2021,3070,50,StoreOpened
265,1-5-2021,3070,50,Payment
266,1-5-2021,3070,50,Reply
267,1-5-2021,3070,50,StoreItemClick
268,1-5-2021,3070,50,ConversationNew
269,1-5-2021,3070,50,Transaction
270,1-5-2021,3070,50,StoreOpened
271,1-5-2021,3070,50,StoreItemClick
272,1-5-2021,3070,50,Transaction
273,1-5-2021,3070,50,Payment
274,1-5-2021,3070,50,SpendMoney
275,1-5-2021,3070,50,StoreItemClick
276,1-5-2021,3070,50,StoreItemClick
277,1-5-2021,3070,50,StoreOpened
278,1-5-2021,3070,50,StoreItemClick
279,1-5-2021,3070,50,Transaction
280,1-5-2021,3070,50,Payment
281,1-5-2021,3070,50,SpendMoney
282,1-5-2021,3070,50,Transaction
283,1-5-2021,3070,50,StoreItemClick
284,1-5-2021,3070,50,Payment
285,1-5-2021,3070,50,StoreOpened
286,1-5-2021,3070,50,StoreItemClick
287,1-5-2021,3070,50,Transaction
288,1-5-2021,3070,50,Payment
289,1-5-2021,3070,50,SpendMoney
290,1-5-2021,3070,50,Reply
291,1-5-2021,3070,50,StoreItemClick
292,1-5-2021,3070,50,Payment
293,1-5-2021,3070,50,Transaction
294,1-5-2021,3070,50,ConversationMsgSent
295,1-5-2021,3070,50,StoreOpened
296,1-5-2021,3070,50,StoreItemClick
297,1-5-2021,3070,50,Transaction
298,1-5-2021,3070,50,Payment
299,1-5-2021,3070,50,SpendMoney
300,2-5-2021,3070,50,StoreOpened
301,2-5-2021,3070,50,StoreItemClick
302,2-5-2021,3070,50,Transaction
303,2-5-2021,3070,50,Payment
304,2-5-2021,3070,50,SpendMoney
305,2-5-2021,3070,50,ConversationMsgSent
306,2-5-2021,3070,50,Payment
307,2-5-2021,3070,50,Payment
308,2-5-2021,3070,50,PartyJoin
309,2-5-2021,3070,50,Payment
310,2-5-2021,3070,50,StoreOpened
311,2-5-2021,3070,50,SpendMoney
312,2-5-2021,3070,50,MessageSent
313,2-5-2021,3070,50,Transaction
314,2-5-2021,3070,50,Transaction
315,2-5-2021,3070,50,SpendMoney
316,2-5-2021,3070,50,MessageSent
317,2-5-2021,3070,50,StoreItemClick
318,2-5-2021,3070,50,Transaction
319,2-5-2021,3070,50,SpendMoney
320,2-5-2021,3070,50,PartyJoin
321,2-5-2021,3070,50,StoreOpened
322,2-5-2021,3070,50,ConversationNew
323,2-5-2021,3070,50,StoreOpened
324,2-5-2021,3070,50,StoreOpened
325,2-5-2021,3070,50,StoreItemClick
326,2-5-2021,3070,50,StoreItemClick
327,2-5-2021,3070,50,Payment
328,2-5-2021,3070,50,Payment
329,2-5-2021,3070,50,ConversationNew
330,2-5-2021,3070,50,ConversationNew
331,2-5-2021,3070,50,PartyJoin
332,2-5-2021,3070,50,StoreItemClick
333,2-5-2021,3070,50,SpendMoney
334,2-5-2021,3070,50,Transaction
335,2-5-2021,3070,50,MessageSent
336,2-5-2021,3070,50,StoreOpened
337,2-5-2021,3070,50,StoreOpened
338,2-5-2021,3070,50,SpendMoney
339,2-5-2021,3070,50,ConversationNew
340,2-5-2021,3070,50,Payment
341,2-5-2021,3070,50,ConversationMsgSent
342,2-5-2021,3070,50,Payment
343,2-5-2021,3070,50,SpendMoney
344,2-5-2021,3070,50,SpendMoney
345,2-5-2021,3070,50,ConversationNew
346,2-5-2021,3070,50,StoreItemClick
347,2-5-2021,3070,50,PartyJoin
348,2-5-2021,3070,50,StoreOpened
349,2-5-2021,3070,50,Transaction
350,2-5-2021,3070,50,StoreItemClick
351,2-5-2021,3070,50,ConversationNew
352,2-5-2021,3070,50,ConversationMsgSent
353,2-5-2021,3070,50,PartyJoin
354,2-5-2021,3070,50,Reply
355,2-5-2021,3070,50,SpendMoney
356,2-5-2021,3070,50,Transaction
357,2-5-2021,3070,50,ConversationNew
358,2-5-2021,3070,50,ConversationNew
359,2-5-2021,3070,50,Transaction
360,2-5-2021,3070,50,SpendMoney
361,2-5-2021,3070,50,Transaction
362,2-5-2021,3070,50,ConversationMsgSent
363,2-5-2021,3070,50,Transaction
364,2-5-2021,3070,50,SpendMoney
365,2-5-2021,3070,50,ConversationNew
366,2-5-2021,3070,50,Payment
367,2-5-2021,3070,50,Reply
368,2-5-2021,3070,50,Reply
369,2-5-2021,3070,50,ConversationMsgSent
370,2-5-2021,3070,50,MessageSent
371,2-5-2021,3070,50,Reply
372,2-5-2021,3070,50,SpendMoney
373,2-5-2021,3070,50,StoreOpened
374,2-5-2021,3070,50,ConversationNew
375,2-5-2021,3070,50,MessageSent
376,2-5-2021,3070,50,SpendMoney
377,2-5-2021,3070,50,PartyJoin
378,2-5-2021,3070,50,SpendMoney
379,2-5-2021,3070,50,MessageSent
380,2-5-2021,3070,50,StoreOpened
381,2-5-2021,3070,50,PartyJoin
382,2-5-2021,3070,50,Transaction
383,2-5-2021,3070,50,StoreOpened
384,2-5-2021,3070,50,SpendMoney
385,2-5-2021,3070,50,MessageSent
386,2-5-2021,3070,50,MessageSent
387,2-5-2021,3070,50,StoreOpened
388,2-5-2021,3070,50,Reply
389,2-5-2021,3070,50,StoreOpened
390,2-5-2021,3070,50,Reply
391,2-5-2021,3070,50,PartyJoin
392,2-5-2021,3070,50,ConversationMsgSent
393,2-5-2021,3070,50,StoreItemClick
394,2-5-2021,3070,50,StoreItemClick
395,2-5-2021,3070,50,SpendMoney
396,2-5-2021,3070,50,SpendMoney
397,2-5-2021,3070,50,ConversationMsgSent
398,2-5-2021,3070,50,MessageSent
399,2-5-2021,3070,50,StoreItemClick
400,2-5-2021,3070,50,ConversationMsgSent
401,2-5-2021,3070,50,PartyJoin
402,2-5-2021,3070,50,Reply
403,2-5-2021,3070,50,ConversationNew
404,2-5-2021,3070,50,PartyJoin
405,2-5-2021,3070,50,StoreOpened
406,2-5-2021,3070,50,Payment
407,2-5-2021,3070,50,StoreItemClick
408,2-5-2021,3070,50,MessageSent
409,2-5-2021,3070,50,StoreItemClick
410,2-5-2021,3070,50,MessageSent
411,2-5-2021,3070,50,SpendMoney
412,2-5-2021,3070,50,ConversationMsgSent
413,2-5-2021,3070,50,Transaction
414,2-5-2021,3070,50,Payment
415,2-5-2021,3070,50,StoreOpened
416,2-5-2021,3070,50,PartyJoin
417,2-5-2021,3070,50,StoreOpened
418,2-5-2021,3070,50,ConversationNew
419,2-5-2021,3070,50,Reply
420,2-5-2021,3070,50,ConversationNew
421,2-5-2021,3070,50,StoreOpened
422,2-5-2021,3070,50,StoreItemClick
423,2-5-2021,3070,50,StoreOpened
424,2-5-2021,3070,50,StoreOpened
425,2-5-2021,3070,50,SpendMoney
426,2-5-2021,3070,50,Payment
427,2-5-2021,3070,50,Payment
428,2-5-2021,3070,50,PartyJoin
429,2-5-2021,3070,50,Transaction
430,2-5-2021,3070,50,MessageSent
431,2-5-2021,3070,50,PartyJoin
432,2-5-2021,3070,50,StoreItemClick
433,2-5-2021,3070,50,ConversationNew
434,2-5-2021,3070,50,Reply
435,2-5-2021,3070,50,SpendMoney
436,2-5-2021,3070,50,Payment
437,2-5-2021,3070,50,StoreOpened
438,2-5-2021,3070,50,StoreOpened
439,2-5-2021,3070,50,PartyJoin
440,2-5-2021,3070,50,ConversationMsgSent
441,2-5-2021,3070,50,Reply
442,2-5-2021,3070,50,MessageSent
443,2-5-2021,3070,50,ConversationMsgSent
444,2-5-2021,3070,50,MessageSent
445,2-5-2021,3070,50,ConversationMsgSent
446,2-5-2021,3070,50,Payment
447,2-5-2021,3070,50,StoreOpened
448,2-5-2021,3070,50,StoreItemClick
449,2-5-2021,3070,50,SpendMoney
450,2-5-2021,3070,50,Transaction
451,2-5-2021,3070,50,ConversationNew
452,2-5-2021,3070,50,MessageSent
453,2-5-2021,3070,50,Transaction
454,2-5-2021,3070,50,ConversationNew
455,2-5-2021,3070,50,Transaction
456,2-5-2021,3070,50,SpendMoney
457,2-5-2021,3070,50,MessageSent
458,2-5-2021,3070,50,MessageSent
459,2-5-2021,3070,50,Reply
460,2-5-2021,3070,50,StoreOpened
461,2-5-2021,3070,50,ConversationNew
462,2-5-2021,3070,50,StoreOpened
463,2-5-2021,3070,50,Payment
464,2-5-2021,3070,50,ConversationMsgSent
465,2-5-2021,3070,50,Payment
466,2-5-2021,3070,50,SpendMoney
467,2-5-2021,3070,50,Transaction
468,2-5-2021,3070,50,ConversationMsgSent
469,2-5-2021,3070,50,StoreItemClick
470,2-5-2021,3070,50,SpendMoney
471,2-5-2021,3070,50,ConversationNew
472,2-5-2021,3070,50,ConversationNew
473,2-5-2021,3070,50,SpendMoney
474,2-5-2021,3070,50,Payment
475,2-5-2021,3070,50,Reply
476,2-5-2021,3070,50,ConversationNew
477,2-5-2021,3070,50,ConversationNew
478,2-5-2021,3070,50,SpendMoney
479,2-5-2021,3070,50,ConversationMsgSent
480,2-5-2021,3070,50,ConversationNew
481,2-5-2021,3070,50,StoreItemClick
482,2-5-2021,3070,50,SpendMoney
483,2-5-2021,3070,50,MessageSent
484,2-5-2021,3070,50,PartyJoin
485,2-5-2021,3070,50,Reply
486,2-5-2021,3070,50,Reply
487,2-5-2021,3070,50,PartyJoin
488,2-5-2021,3070,50,ConversationMsgSent
489,2-5-2021,3070,50,StoreOpened
490,2-5-2021,3070,50,Payment
491,2-5-2021,3070,50,ConversationMsgSent
492,2-5-2021,3070,50,ConversationMsgSent
493,2-5-2021,3070,50,Transaction
494,2-5-2021,3070,50,SpendMoney
495,2-5-2021,3070,50,StoreOpened
496,2-5-2021,3070,50,SpendMoney
497,2-5-2021,3070,50,Reply
498,2-5-2021,3070,50,StoreOpened
499,2-5-2021,3070,50,ConversationMsgSent
500,2-5-2021,3070,50,ConversationNew
501,2-5-2021,3070,50,MessageSent
502,2-5-2021,3070,50,PartyJoin
503,2-5-2021,3070,50,Reply
504,2-5-2021,3070,50,ConversationMsgSent
505,2-5-2021,3070,50,Reply
506,2-5-2021,3070,50,StoreItemClick
507,2-5-2021,3070,50,StoreItemClick
508,2-5-2021,3070,50,StoreItemClick
509,2-5-2021,3070,50,PartyJoin
510,2-5-2021,3070,50,Transaction
511,2-5-2021,3070,50,ConversationNew
512,2-5-2021,3070,50,Transaction
513,2-5-2021,3070,50,ConversationNew
514,2-5-2021,3070,50,ConversationMsgSent
515,2-5-2021,3070,50,Payment
516,2-5-2021,3070,50,ConversationNew
517,2-5-2021,3070,50,Payment
518,2-5-2021,3070,50,Reply
519,2-5-2021,3070,50,ConversationMsgSent
520,2-5-2021,3070,50,MessageSent
521,2-5-2021,3070,50,Transaction
522,2-5-2021,3070,50,Reply
523,2-5-2021,3070,50,PartyJoin
524,2-5-2021,3070,50,StoreItemClick
525,2-5-2021,3070,50,Transaction
526,2-5-2021,3070,50,MessageSent
527,2-5-2021,3070,50,Transaction
528,2-5-2021,3070,50,MessageSent
529,2-5-2021,3070,50,StoreItemClick
530,2-5-2021,3070,50,Payment
531,2-5-2021,3070,50,SpendMoney
532,2-5-2021,3070,50,MessageSent
533,2-5-2021,3070,50,SpendMoney
534,2-5-2021,3070,50,ConversationNew
535,2-5-2021,3070,50,Payment
536,2-5-2021,3070,50,Transaction
537,2-5-2021,3070,50,MessageSent
538,2-5-2021,3070,50,StoreOpened
539,2-5-2021,3070,50,StoreOpened
540,2-5-2021,3070,50,Transaction
541,2-5-2021,3070,50,StoreOpened
542,2-5-2021,3070,50,PartyJoin
543,2-5-2021,3070,50,PartyJoin
544,2-5-2021,3070,50,ConversationNew
545,2-5-2021,3070,50,ConversationNew
546,2-5-2021,3070,50,ConversationMsgSent
547,2-5-2021,3070,50,SpendMoney
548,2-5-2021,3070,50,ConversationNew
549,2-5-2021,3070,50,StoreOpened
550,2-5-2021,3070,50,Reply
551,2-5-2021,3070,50,StoreOpened
552,2-5-2021,3070,50,Payment
553,2-5-2021,3070,50,ConversationNew
554,2-5-2021,3070,50,Reply
555,2-5-2021,3070,50,Transaction
556,2-5-2021,3070,50,MessageSent
557,2-5-2021,3070,50,ConversationMsgSent
558,2-5-2021,3070,50,Payment
559,2-5-2021,3070,50,Payment
560,2-5-2021,3070,50,MessageSent
561,2-5-2021,3070,50,Payment
562,2-5-2021,3070,50,Payment
563,2-5-2021,3070,50,StoreOpened
564,2-5-2021,3070,50,StoreOpened
565,2-5-2021,3070,50,StoreItemClick
566,2-5-2021,3070,50,PartyJoin
567,2-5-2021,3070,50,MessageSent
568,2-5-2021,3070,50,StoreOpened
569,2-5-2021,3070,50,ConversationMsgSent
570,2-5-2021,3070,50,Payment
571,2-5-2021,3070,50,StoreOpened
572,2-5-2021,3070,50,Reply
573,2-5-2021,3070,50,SpendMoney
574,2-5-2021,3070,50,Transaction
575,2-5-2021,3070,50,PartyJoin
576,2-5-2021,3070,50,ConversationMsgSent
577,2-5-2021,3070,50,SpendMoney
578,2-5-2021,3070,50,StoreOpened
579,2-5-2021,3070,50,Transaction
580,2-5-2021,3070,50,Payment
581,2-5-2021,3070,50,Payment
582,2-5-2021,3070,50,PartyJoin
583,2-5-2021,3070,50,MessageSent
584,2-5-2021,3070,50,MessageSent
585,2-5-2021,3070,50,ConversationMsgSent
586,2-5-2021,3070,50,ConversationNew
587,2-5-2021,3070,50,MessageSent
588,2-5-2021,3070,50,StoreOpened
589,2-5-2021,3070,50,Payment
590,2-5-2021,3070,50,StoreOpened
591,2-5-2021,3070,50,SpendMoney
592,2-5-2021,3070,50,PartyJoin
593,2-5-2021,3070,50,Payment
594,2-5-2021,3070,50,Payment
595,2-5-2021,3070,50,MessageSent
596,2-5-2021,3070,50,StoreOpened
597,2-5-2021,3070,50,StoreItemClick
598,2-5-2021,3070,50,SpendMoney
599,2-5-2021,3070,50,MessageSent
600,3-5-2021,3070,50,ConversationMsgSent
601,3-5-2021,3070,50,StoreItemClick
602,3-5-2021,3070,50,StoreOpened
603,3-5-2021,3070,50,ConversationNew
604,3-5-2021,3070,50,StoreItemClick
605,3-5-2021,3070,50,PartyJoin
606,3-5-2021,3070,50,Transaction
607,3-5-2021,3070,50,StoreItemClick
608,3-5-2021,3070,50,StoreOpened
609,3-5-2021,3070,50,Reply
610,3-5-2021,3070,50,StoreOpened
611,3-5-2021,3070,50,ConversationNew
612,3-5-2021,3070,50,MessageSent
613,3-5-2021,3070,50,ConversationMsgSent
614,3-5-2021,3070,50,ConversationNew
615,3-5-2021,3070,50,MessageSent
616,3-5-2021,3070,50,Payment
617,3-5-2021,3070,50,MessageSent
618,3-5-2021,3070,50,ConversationMsgSent
619,3-5-2021,3070,50,ConversationMsgSent
620,3-5-2021,3070,50,Reply
621,3-5-2021,3070,50,StoreItemClick
622,3-5-2021,3070,50,Payment
623,3-5-2021,3070,50,ConversationNew
624,3-5-2021,3070,50,Transaction
625,3-5-2021,3070,50,StoreOpened
626,3-5-2021,3070,50,ConversationMsgSent
627,3-5-2021,3070,50,StoreOpened
628,3-5-2021,3070,50,StoreItemClick
629,3-5-2021,3070,50,ConversationNew
630,3-5-2021,3070,50,ConversationNew
631,3-5-2021,3070,50,ConversationMsgSent
632,3-5-2021,3070,50,PartyJoin
633,3-5-2021,3070,50,ConversationNew
634,3-5-2021,3070,50,PartyJoin
635,3-5-2021,3070,50,StoreOpened
636,3-5-2021,3070,50,SpendMoney
637,3-5-2021,3070,50,ConversationNew
638,3-5-2021,3070,50,Payment
639,3-5-2021,3070,50,SpendMoney
640,3-5-2021,3070,50,MessageSent
641,3-5-2021,3070,50,PartyJoin
642,3-5-2021,3070,50,PartyJoin
643,3-5-2021,3070,50,MessageSent
644,3-5-2021,3070,50,SpendMoney
645,3-5-2021,3070,50,MessageSent
646,3-5-2021,3070,50,ConversationNew
647,3-5-2021,3070,50,Transaction
648,3-5-2021,3070,50,Reply
649,3-5-2021,3070,50,Payment
650,3-5-2021,3070,50,ConversationNew
651,3-5-2021,3070,50,PartyJoin
652,3-5-2021,3070,50,Payment
653,3-5-2021,3070,50,MessageSent
654,3-5-2021,3070,50,StoreItemClick
655,3-5-2021,3070,50,ConversationMsgSent
656,3-5-2021,3070,50,Transaction
657,3-5-2021,3070,50,Payment
658,3-5-2021,3070,50,Reply
659,3-5-2021,3070,50,Transaction
660,3-5-2021,3070,50,Payment
661,3-5-2021,3070,50,ConversationNew
662,3-5-2021,3070,50,ConversationMsgSent
663,3-5-2021,3070,50,PartyJoin
664,3-5-2021,3070,50,Payment
665,3-5-2021,3070,50,PartyJoin
666,3-5-2021,3070,50,PartyJoin
667,3-5-2021,3070,50,Reply
668,3-5-2021,3070,50,Transaction
669,3-5-2021,3070,50,Transaction
670,3-5-2021,3070,50,StoreOpened
671,3-5-2021,3070,50,StoreOpened
672,3-5-2021,3070,50,Reply
673,3-5-2021,3070,50,ConversationNew
674,3-5-2021,3070,50,PartyJoin
675,3-5-2021,3070,50,Payment
676,3-5-2021,3070,50,ConversationMsgSent
677,3-5-2021,3070,50,ConversationMsgSent
678,3-5-2021,3070,50,ConversationNew
679,3-5-2021,3070,50,ConversationMsgSent
680,3-5-2021,3070,50,StoreItemClick
681,3-5-2021,3070,50,ConversationNew
682,3-5-2021,3070,50,PartyJoin
683,3-5-2021,3070,50,ConversationMsgSent
684,3-5-2021,3070,50,StoreItemClick
685,3-5-2021,3070,50,StoreItemClick
686,3-5-2021,3070,50,StoreOpened
687,3-5-2021,3070,50,PartyJoin
688,3-5-2021,3070,50,ConversationNew
689,3-5-2021,3070,50,StoreItemClick
690,3-5-2021,3070,50,StoreOpened
691,3-5-2021,3070,50,Transaction
692,3-5-2021,3070,50,Payment
693,3-5-2021,3070,50,Payment
694,3-5-2021,3070,50,MessageSent
695,3-5-2021,3070,50,Payment
696,3-5-2021,3070,50,Payment
697,3-5-2021,3070,50,StoreItemClick
698,3-5-2021,3070,50,StoreItemClick
699,3-5-2021,3070,50,SpendMoney
700,3-5-2021,3070,50,StoreItemClick
701,3-5-2021,3070,50,StoreItemClick
702,3-5-2021,3070,50,Payment
703,3-5-2021,3070,50,PartyJoin
704,3-5-2021,3070,50,StoreOpened
705,3-5-2021,3070,50,ConversationNew
706,3-5-2021,3070,50,PartyJoin
707,3-5-2021,3070,50,Transaction
708,3-5-2021,3070,50,Transaction
709,3-5-2021,3070,50,Payment
710,3-5-2021,3070,50,MessageSent
711,3-5-2021,3070,50,ConversationNew
712,3-5-2021,3070,50,StoreItemClick
713,3-5-2021,3070,50,ConversationMsgSent
714,3-5-2021,3070,50,SpendMoney
715,3-5-2021,3070,50,Payment
716,3-5-2021,3070,50,ConversationNew
717,3-5-2021,3070,50,Payment
718,3-5-2021,3070,50,StoreOpened
719,3-5-2021,3070,50,SpendMoney
720,3-5-2021,3070,50,StoreOpened
721,3-5-2021,3070,50,PartyJoin
722,3-5-2021,3070,50,Payment
723,3-5-2021,3070,50,Payment
724,3-5-2021,3070,50,MessageSent
725,3-5-2021,3070,50,Payment
726,3-5-2021,3070,50,Payment
727,3-5-2021,3070,50,SpendMoney
728,3-5-2021,3070,50,ConversationMsgSent
729,3-5-2021,3070,50,Transaction
730,3-5-2021,3070,50,PartyJoin
731,3-5-2021,3070,50,ConversationMsgSent
732,3-5-2021,3070,50,Reply
733,3-5-2021,3070,50,ConversationNew
734,3-5-2021,3070,50,Reply
735,3-5-2021,3070,50,ConversationMsgSent
736,3-5-2021,3070,50,Reply
737,3-5-2021,3070,50,Payment
738,3-5-2021,3070,50,Payment
739,3-5-2021,3070,50,Transaction
740,3-5-2021,3070,50,MessageSent
741,3-5-2021,3070,50,Reply
742,3-5-2021,3070,50,ConversationNew
743,3-5-2021,3070,50,PartyJoin
744,3-5-2021,3070,50,SpendMoney
745,3-5-2021,3070,50,Transaction
746,3-5-2021,3070,50,MessageSent
747,3-5-2021,3070,50,PartyJoin
748,3-5-2021,3070,50,PartyJoin
749,3-5-2021,3070,50,Reply
750,3-5-2021,3070,50,ConversationMsgSent
751,3-5-2021,3070,50,MessageSent
752,3-5-2021,3070,50,StoreOpened
753,3-5-2021,3070,50,SpendMoney
754,3-5-2021,3070,50,Payment
755,3-5-2021,3070,50,StoreOpened
756,3-5-2021,3070,50,ConversationNew
757,3-5-2021,3070,50,SpendMoney
758,3-5-2021,3070,50,Reply
759,3-5-2021,3070,50,StoreItemClick
760,3-5-2021,3070,50,StoreItemClick
761,3-5-2021,3070,50,Reply
762,3-5-2021,3070,50,ConversationMsgSent
763,3-5-2021,3070,50,ConversationMsgSent
764,3-5-2021,3070,50,ConversationNew
765,3-5-2021,3070,50,Reply
766,3-5-2021,3070,50,ConversationMsgSent
767,3-5-2021,3070,50,StoreItemClick
768,3-5-2021,3070,50,ConversationNew
769,3-5-2021,3070,50,StoreItemClick
770,3-5-2021,3070,50,StoreItemClick
771,3-5-2021,3070,50,Payment
772,3-5-2021,3070,50,SpendMoney
773,3-5-2021,3070,50,Transaction
774,3-5-2021,3070,50,Reply
775,3-5-2021,3070,50,ConversationMsgSent
776,3-5-2021,3070,50,ConversationNew
777,3-5-2021,3070,50,StoreItemClick
778,3-5-2021,3070,50,Payment
779,3-5-2021,3070,50,ConversationMsgSent
780,3-5-2021,3070,50,Reply
781,3-5-2021,3070,50,StoreItemClick
782,3-5-2021,3070,50,StoreItemClick
783,3-5-2021,3070,50,ConversationMsgSent
784,3-5-2021,3070,50,ConversationMsgSent
785,3-5-2021,3070,50,MessageSent
786,3-5-2021,3070,50,ConversationNew
787,3-5-2021,3070,50,PartyJoin
788,3-5-2021,3070,50,StoreOpened
789,3-5-2021,3070,50,ConversationMsgSent
790,3-5-2021,3070,50,ConversationMsgSent
791,3-5-2021,3070,50,ConversationMsgSent
792,3-5-2021,3070,50,SpendMoney
793,3-5-2021,3070,50,StoreOpened
794,3-5-2021,3070,50,Reply
795,3-5-2021,3070,50,Transaction
796,3-5-2021,3070,50,PartyJoin
797,3-5-2021,3070,50,StoreItemClick
798,3-5-2021,3070,50,Payment
799,3-5-2021,3070,50,StoreOpened
800,3-5-2021,3070,50,Payment
801,3-5-2021,3070,50,MessageSent
802,3-5-2021,3070,50,StoreOpened
803,3-5-2021,3070,50,Reply
804,3-5-2021,3070,50,Transaction
805,3-5-2021,3070,50,SpendMoney
806,3-5-2021,3070,50,SpendMoney
807,3-5-2021,3070,50,Payment
808,3-5-2021,3070,50,PartyJoin
809,3-5-2021,3070,50,PartyJoin
810,3-5-2021,3070,50,Reply
811,3-5-2021,3070,50,ConversationNew
812,3-5-2021,3070,50,StoreOpened
813,3-5-2021,3070,50,StoreOpened
814,3-5-2021,3070,50,ConversationMsgSent
815,3-5-2021,3070,50,MessageSent
816,3-5-2021,3070,50,Transaction
817,3-5-2021,3070,50,StoreOpened
818,3-5-2021,3070,50,PartyJoin
819,3-5-2021,3070,50,ConversationMsgSent
820,3-5-2021,3070,50,ConversationMsgSent
821,3-5-2021,3070,50,StoreOpened
822,3-5-2021,3070,50,Reply
823,3-5-2021,3070,50,StoreOpened
824,3-5-2021,3070,50,ConversationMsgSent
825,3-5-2021,3070,50,Transaction
826,3-5-2021,3070,50,Reply
827,3-5-2021,3070,50,Reply
828,3-5-2021,3070,50,Payment
829,3-5-2021,3070,50,ConversationNew
830,3-5-2021,3070,50,StoreItemClick
831,3-5-2021,3070,50,StoreOpened
832,3-5-2021,3070,50,Reply
833,3-5-2021,3070,50,StoreItemClick
834,3-5-2021,3070,50,StoreOpened
835,3-5-2021,3070,50,MessageSent
836,3-5-2021,3070,50,Transaction
837,3-5-2021,3070,50,SpendMoney
838,3-5-2021,3070,50,ConversationMsgSent
839,3-5-2021,3070,50,PartyJoin
840,3-5-2021,3070,50,ConversationMsgSent
841,3-5-2021,3070,50,StoreItemClick
842,3-5-2021,3070,50,ConversationNew
843,3-5-2021,3070,50,SpendMoney
844,3-5-2021,3070,50,SpendMoney
845,3-5-2021,3070,50,ConversationNew
846,3-5-2021,3070,50,StoreItemClick
847,3-5-2021,3070,50,PartyJoin
848,3-5-2021,3070,50,ConversationMsgSent
849,3-5-2021,3070,50,Transaction
850,3-5-2021,3070,50,PartyJoin
851,3-5-2021,3070,50,Payment
852,3-5-2021,3070,50,PartyJoin
853,3-5-2021,3070,50,PartyJoin
854,3-5-2021,3070,50,PartyJoin
855,3-5-2021,3070,50,Reply
856,3-5-2021,3070,50,SpendMoney
857,3-5-2021,3070,50,Reply
858,3-5-2021,3070,50,MessageSent
859,3-5-2021,3070,50,SpendMoney
860,3-5-2021,3070,50,SpendMoney
861,3-5-2021,3070,50,ConversationMsgSent
862,3-5-2021,3070,50,Reply
863,3-5-2021,3070,50,StoreItemClick
864,3-5-2021,3070,50,SpendMoney
865,3-5-2021,3070,50,StoreItemClick
866,3-5-2021,3070,50,Transaction
867,3-5-2021,3070,50,StoreOpened
868,3-5-2021,3070,50,SpendMoney
869,3-5-2021,3070,50,PartyJoin
870,3-5-2021,3070,50,SpendMoney
871,3-5-2021,3070,50,MessageSent
872,3-5-2021,3070,50,Reply
873,3-5-2021,3070,50,StoreItemClick
874,3-5-2021,3070,50,MessageSent
875,3-5-2021,3070,50,MessageSent
876,3-5-2021,3070,50,Payment
877,3-5-2021,3070,50,StoreItemClick
878,3-5-2021,3070,50,StoreOpened
879,3-5-2021,3070,50,Reply
880,3-5-2021,3070,50,MessageSent
881,3-5-2021,3070,50,MessageSent
882,3-5-2021,3070,50,Payment
883,3-5-2021,3070,50,MessageSent
884,3-5-2021,3070,50,Transaction
885,3-5-2021,3070,50,Reply
886,3-5-2021,3070,50,StoreOpened
887,3-5-2021,3070,50,MessageSent
888,3-5-2021,3070,50,ConversationNew
889,3-5-2021,3070,50,ConversationNew
890,3-5-2021,3070,50,Reply
891,3-5-2021,3070,50,StoreOpened
892,3-5-2021,3070,50,PartyJoin
893,3-5-2021,3070,50,Payment
894,3-5-2021,3070,50,ConversationNew
895,3-5-2021,3070,50,ConversationNew
896,3-5-2021,3070,50,StoreItemClick
897,3-5-2021,3070,50,SpendMoney
898,3-5-2021,3070,50,MessageSent
899,3-5-2021,3070,50,ConversationMsgSent
900,4-5-2021,3070,50,StoreOpened
901,4-5-2021,3070,50,StoreItemClick
902,4-5-2021,3070,50,StoreItemClick
903,4-5-2021,3070,50,SpendMoney
904,4-5-2021,3070,50,MessageSent
905,4-5-2021,3070,50,StoreItemClick
906,4-5-2021,3070,50,SpendMoney
907,4-5-2021,3070,50,Transaction
908,4-5-2021,3070,50,Reply
909,4-5-2021,3070,50,MessageSent
910,4-5-2021,3070,50,ConversationNew
911,4-5-2021,3070,50,Transaction
912,4-5-2021,3070,50,Transaction
913,4-5-2021,3070,50,Transaction
914,4-5-2021,3070,50,Payment
915,4-5-2021,3070,50,Transaction
916,4-5-2021,3070,50,StoreOpened
917,4-5-2021,3070,50,ConversationNew
918,4-5-2021,3070,50,ConversationMsgSent
919,4-5-2021,3070,50,StoreItemClick
920,4-5-2021,3070,50,ConversationMsgSent
921,4-5-2021,3070,50,Transaction
922,4-5-2021,3070,50,ConversationMsgSent
923,4-5-2021,3070,50,SpendMoney
924,4-5-2021,3070,50,ConversationMsgSent
925,4-5-2021,3070,50,Transaction
926,4-5-2021,3070,50,Reply
927,4-5-2021,3070,50,ConversationMsgSent
928,4-5-2021,3070,50,PartyJoin
929,4-5-2021,3070,50,Reply
930,4-5-2021,3070,50,ConversationNew
931,4-5-2021,3070,50,StoreOpened
932,4-5-2021,3070,50,Payment
933,4-5-2021,3070,50,SpendMoney
934,4-5-2021,3070,50,StoreOpened
935,4-5-2021,3070,50,ConversationMsgSent
936,4-5-2021,3070,50,ConversationNew
937,4-5-2021,3070,50,StoreItemClick
938,4-5-2021,3070,50,Reply
939,4-5-2021,3070,50,SpendMoney
940,4-5-2021,3070,50,Reply
941,4-5-2021,3070,50,Transaction
942,4-5-2021,3070,50,ConversationNew
943,4-5-2021,3070,50,ConversationMsgSent
944,4-5-2021,3070,50,Reply
945,4-5-2021,3070,50,Reply
946,4-5-2021,3070,50,ConversationNew
947,4-5-2021,3070,50,PartyJoin
948,4-5-2021,3070,50,Reply
949,4-5-2021,3070,50,Transaction
950,4-5-2021,3070,50,Payment
951,4-5-2021,3070,50,Payment
952,4-5-2021,3070,50,SpendMoney
953,4-5-2021,3070,50,StoreOpened
954,4-5-2021,3070,50,ConversationNew
955,4-5-2021,3070,50,ConversationMsgSent
956,4-5-2021,3070,50,SpendMoney
957,4-5-2021,3070,50,StoreItemClick
958,4-5-2021,3070,50,ConversationNew
959,4-5-2021,3070,50,Payment
960,4-5-2021,3070,50,ConversationNew
961,4-5-2021,3070,50,SpendMoney
962,4-5-2021,3070,50,StoreOpened
963,4-5-2021,3070,50,SpendMoney
964,4-5-2021,3070,50,PartyJoin
965,4-5-2021,3070,50,Payment
966,4-5-2021,3070,50,PartyJoin
967,4-5-2021,3070,50,StoreOpened
968,4-5-2021,3070,50,ConversationMsgSent
969,4-5-2021,3070,50,MessageSent
970,4-5-2021,3070,50,MessageSent
971,4-5-2021,3070,50,ConversationMsgSent
972,4-5-2021,3070,50,ConversationMsgSent
973,4-5-2021,3070,50,MessageSent
974,4-5-2021,3070,50,ConversationNew
975,4-5-2021,3070,50,Transaction
976,4-5-2021,3070,50,Transaction
977,4-5-2021,3070,50,ConversationMsgSent
978,4-5-2021,3070,50,Transaction
979,4-5-2021,3070,50,StoreOpened
980,4-5-2021,3070,50,Payment
981,4-5-2021,3070,50,SpendMoney
982,4-5-2021,3070,50,Payment
983,4-5-2021,3070,50,PartyJoin
984,4-5-2021,3070,50,PartyJoin
985,4-5-2021,3070,50,PartyJoin
986,4-5-2021,3070,50,SpendMoney
987,4-5-2021,3070,50,ConversationNew
988,4-5-2021,3070,50,StoreItemClick
989,4-5-2021,3070,50,SpendMoney
990,4-5-2021,3070,50,Reply
991,4-5-2021,3070,50,StoreItemClick
992,4-5-2021,3070,50,PartyJoin
993,4-5-2021,3070,50,PartyJoin
994,4-5-2021,3070,50,StoreItemClick
995,4-5-2021,3070,50,ConversationMsgSent
996,4-5-2021,3070,50,ConversationMsgSent
997,4-5-2021,3070,50,StoreItemClick
998,4-5-2021,3070,50,Payment
999,4-5-2021,3070,50,ConversationNew
1000,4-5-2021,3070,50,ConversationMsgSent
1001,4-5-2021,3070,50,ConversationMsgSent
1002,4-5-2021,3070,50,SpendMoney
1003,4-5-2021,3070,50,ConversationNew
1004,4-5-2021,3070,50,MessageSent
1005,4-5-2021,3070,50,StoreItemClick
1006,4-5-2021,3070,50,SpendMoney
1007,4-5-2021,3070,50,Transaction
1008,4-5-2021,3070,50,SpendMoney
1009,4-5-2021,3070,50,MessageSent
1010,4-5-2021,3070,50,StoreOpened
1011,4-5-2021,3070,50,SpendMoney
1012,4-5-2021,3070,50,StoreItemClick
1013,4-5-2021,3070,50,Payment
1014,4-5-2021,3070,50,StoreItemClick
1015,4-5-2021,3070,50,PartyJoin
1016,4-5-2021,3070,50,StoreOpened
1017,4-5-2021,3070,50,MessageSent
1018,4-5-2021,3070,50,Transaction
1019,4-5-2021,3070,50,Payment
1020,4-5-2021,3070,50,SpendMoney
1021,4-5-2021,3070,50,Payment
1022,4-5-2021,3070,50,Payment
1023,4-5-2021,3070,50,Transaction
1024,4-5-2021,3070,50,PartyJoin
1025,4-5-2021,3070,50,MessageSent
1026,4-5-2021,3070,50,PartyJoin
1027,4-5-2021,3070,50,Reply
1028,4-5-2021,3070,50,StoreOpened
1029,4-5-2021,3070,50,StoreItemClick
1030,4-5-2021,3070,50,Transaction
1031,4-5-2021,3070,50,StoreItemClick
1032,4-5-2021,3070,50,MessageSent
1033,4-5-2021,3070,50,ConversationNew
1034,4-5-2021,3070,50,Transaction
1035,4-5-2021,3070,50,Transaction
1036,4-5-2021,3070,50,MessageSent
1037,4-5-2021,3070,50,MessageSent
1038,4-5-2021,3070,50,StoreOpened
1039,4-5-2021,3070,50,ConversationNew
1040,4-5-2021,3070,50,StoreItemClick
1041,4-5-2021,3070,50,ConversationNew
1042,4-5-2021,3070,50,Payment
1043,4-5-2021,3070,50,Transaction
1044,4-5-2021,3070,50,Transaction
1045,4-5-2021,3070,50,Payment
1046,4-5-2021,3070,50,StoreOpened
1047,4-5-2021,3070,50,StoreItemClick
1048,4-5-2021,3070,50,PartyJoin
1049,4-5-2021,3070,50,Transaction
1050,4-5-2021,3070,50,Payment
1051,4-5-2021,3070,50,PartyJoin
1052,4-5-2021,3070,50,Payment
1053,4-5-2021,3070,50,ConversationNew
1054,4-5-2021,3070,50,SpendMoney
1055,4-5-2021,3070,50,ConversationMsgSent
1056,4-5-2021,3070,50,ConversationNew
1057,4-5-2021,3070,50,StoreOpened
1058,4-5-2021,3070,50,ConversationMsgSent
1059,4-5-2021,3070,50,Payment
1060,4-5-2021,3070,50,ConversationNew
1061,4-5-2021,3070,50,PartyJoin
1062,4-5-2021,3070,50,StoreOpened
1063,4-5-2021,3070,50,PartyJoin
1064,4-5-2021,3070,50,ConversationMsgSent
1065,4-5-2021,3070,50,Reply
1066,4-5-2021,3070,50,StoreOpened
1067,4-5-2021,3070,50,Transaction
1068,4-5-2021,3070,50,SpendMoney
1069,4-5-2021,3070,50,Reply
1070,4-5-2021,3070,50,SpendMoney
1071,4-5-2021,3070,50,ConversationNew
1072,4-5-2021,3070,50,PartyJoin
1073,4-5-2021,3070,50,PartyJoin
1074,4-5-2021,3070,50,Transaction
1075,4-5-2021,3070,50,StoreItemClick
1076,4-5-2021,3070,50,MessageSent
1077,4-5-2021,3070,50,SpendMoney
1078,4-5-2021,3070,50,Payment
1079,4-5-2021,3070,50,StoreOpened
1080,4-5-2021,3070,50,Transaction
1081,4-5-2021,3070,50,Payment
1082,4-5-2021,3070,50,Transaction
1083,4-5-2021,3070,50,SpendMoney
1084,4-5-2021,3070,50,StoreItemClick
1085,4-5-2021,3070,50,MessageSent
1086,4-5-2021,3070,50,MessageSent
1087,4-5-2021,3070,50,ConversationMsgSent
1088,4-5-2021,3070,50,PartyJoin
1089,4-5-2021,3070,50,Payment
1090,4-5-2021,3070,50,PartyJoin
1091,4-5-2021,3070,50,Transaction
1092,4-5-2021,3070,50,Transaction
1093,4-5-2021,3070,50,Payment
1094,4-5-2021,3070,50,StoreOpened
1095,4-5-2021,3070,50,ConversationNew
1096,4-5-2021,3070,50,StoreItemClick
1097,4-5-2021,3070,50,StoreOpened
1098,4-5-2021,3070,50,StoreItemClick
1099,4-5-2021,3070,50,ConversationNew
1100,4-5-2021,3070,50,Transaction
1101,4-5-2021,3070,50,PartyJoin
1102,4-5-2021,3070,50,StoreItemClick
1103,4-5-2021,3070,50,ConversationMsgSent
1104,4-5-2021,3070,50,StoreOpened
1105,4-5-2021,3070,50,ConversationMsgSent
1106,4-5-2021,3070,50,StoreOpened
1107,4-5-2021,3070,50,ConversationMsgSent
1108,4-5-2021,3070,50,Reply
1109,4-5-2021,3070,50,SpendMoney
1110,4-5-2021,3070,50,ConversationMsgSent
1111,4-5-2021,3070,50,StoreItemClick
1112,4-5-2021,3070,50,StoreItemClick
1113,4-5-2021,3070,50,Payment
1114,4-5-2021,3070,50,StoreItemClick
1115,4-5-2021,3070,50,Reply
1116,4-5-2021,3070,50,MessageSent
1117,4-5-2021,3070,50,SpendMoney
1118,4-5-2021,3070,50,StoreOpened
1119,4-5-2021,3070,50,StoreOpened
1120,4-5-2021,3070,50,PartyJoin
1121,4-5-2021,3070,50,PartyJoin
1122,4-5-2021,3070,50,StoreItemClick
1123,4-5-2021,3070,50,ConversationMsgSent
1124,4-5-2021,3070,50,SpendMoney
1125,4-5-2021,3070,50,Reply
1126,4-5-2021,3070,50,ConversationNew
1127,4-5-2021,3070,50,SpendMoney
1128,4-5-2021,3070,50,StoreOpened
1129,4-5-2021,3070,50,Transaction
1130,4-5-2021,3070,50,Payment
1131,4-5-2021,3070,50,MessageSent
1132,4-5-2021,3070,50,PartyJoin
1133,4-5-2021,3070,50,Reply
1134,4-5-2021,3070,50,SpendMoney
1135,4-5-2021,3070,50,Payment
1136,4-5-2021,3070,50,PartyJoin
1137,4-5-2021,3070,50,ConversationMsgSent
1138,4-5-2021,3070,50,StoreItemClick
1139,4-5-2021,3070,50,PartyJoin
1140,4-5-2021,3070,50,Payment
1141,4-5-2021,3070,50,SpendMoney
1142,4-5-2021,3070,50,MessageSent
1143,4-5-2021,3070,50,Reply
1144,4-5-2021,3070,50,SpendMoney
1145,4-5-2021,3070,50,Reply
1146,4-5-2021,3070,50,ConversationNew
1147,4-5-2021,3070,50,ConversationNew
1148,4-5-2021,3070,50,SpendMoney
1149,4-5-2021,3070,50,Transaction
1150,4-5-2021,3070,50,Reply
1151,4-5-2021,3070,50,Transaction
1152,4-5-2021,3070,50,StoreOpened
1153,4-5-2021,3070,50,MessageSent
1154,4-5-2021,3070,50,StoreOpened
1155,4-5-2021,3070,50,Reply
1156,4-5-2021,3070,50,SpendMoney
1157,4-5-2021,3070,50,MessageSent
1158,4-5-2021,3070,50,SpendMoney
1159,4-5-2021,3070,50,ConversationMsgSent
1160,4-5-2021,3070,50,MessageSent
1161,4-5-2021,3070,50,Payment
1162,4-5-2021,3070,50,ConversationNew
1163,4-5-2021,3070,50,ConversationNew
1164,4-5-2021,3070,50,Payment
1165,4-5-2021,3070,50,SpendMoney
1166,4-5-2021,3070,50,StoreItemClick
1167,4-5-2021,3070,50,MessageSent
1168,4-5-2021,3070,50,Payment
1169,4-5-2021,3070,50,PartyJoin
1170,4-5-2021,3070,50,ConversationMsgSent
1171,4-5-2021,3070,50,SpendMoney
1172,4-5-2021,3070,50,MessageSent
1173,4-5-2021,3070,50,SpendMoney
1174,4-5-2021,3070,50,MessageSent
1175,4-5-2021,3070,50,Payment
1176,4-5-2021,3070,50,Payment
1177,4-5-2021,3070,50,StoreOpened
1178,4-5-2021,3070,50,MessageSent
1179,4-5-2021,3070,50,PartyJoin
1180,4-5-2021,3070,50,Transaction
1181,4-5-2021,3070,50,ConversationMsgSent
1182,4-5-2021,3070,50,Reply
1183,4-5-2021,3070,50,StoreItemClick
1184,4-5-2021,3070,50,Payment
1185,4-5-2021,3070,50,ConversationMsgSent
1186,4-5-2021,3070,50,MessageSent
1187,4-5-2021,3070,50,ConversationMsgSent
1188,4-5-2021,3070,50,ConversationNew
1189,4-5-2021,3070,50,StoreItemClick
1190,4-5-2021,3070,50,PartyJoin
1191,4-5-2021,3070,50,MessageSent
1192,4-5-2021,3070,50,ConversationNew
1193,4-5-2021,3070,50,PartyJoin
1194,4-5-2021,3070,50,PartyJoin
1195,4-5-2021,3070,50,ConversationMsgSent
1196,4-5-2021,3070,50,ConversationMsgSent
1197,4-5-2021,3070,50,PartyJoin
1198,4-5-2021,3070,50,Payment
1199,4-5-2021,3070,50,ConversationNew
1200,5-5-2021,3070,50,MessageSent
1201,5-5-2021,3070,50,Payment
1202,5-5-2021,3070,50,StoreOpened
1203,5-5-2021,3070,50,MessageSent
1204,5-5-2021,3070,50,Payment
1205,5-5-2021,3070,50,SpendMoney
1206,5-5-2021,3070,50,SpendMoney
1207,5-5-2021,3070,50,StoreOpened
1208,5-5-2021,3070,50,PartyJoin
1209,5-5-2021,3070,50,MessageSent
1210,5-5-2021,3070,50,StoreItemClick
1211,5-5-2021,3070,50,Transaction
1212,5-5-2021,3070,50,StoreOpened
1213,5-5-2021,3070,50,Transaction
1214,5-5-2021,3070,50,Transaction
1215,5-5-2021,3070,50,Reply
1216,5-5-2021,3070,50,MessageSent
1217,5-5-2021,3070,50,SpendMoney
1218,5-5-2021,3070,50,SpendMoney
1219,5-5-2021,3070,50,SpendMoney
1220,5-5-2021,3070,50,StoreItemClick
1221,5-5-2021,3070,50,Payment
1222,5-5-2021,3070,50,MessageSent
1223,5-5-2021,3070,50,StoreOpened
1224,5-5-2021,3070,50,MessageSent
1225,5-5-2021,3070,50,Reply
1226,5-5-2021,3070,50,StoreItemClick
1227,5-5-2021,3070,50,Payment
1228,5-5-2021,3070,50,Reply
1229,5-5-2021,3070,50,StoreOpened
1230,5-5-2021,3070,50,MessageSent
1231,5-5-2021,3070,50,StoreItemClick
1232,5-5-2021,3070,50,ConversationNew
1233,5-5-2021,3070,50,ConversationMsgSent
1234,5-5-2021,3070,50,Reply
1235,5-5-2021,3070,50,MessageSent
1236,5-5-2021,3070,50,Payment
1237,5-5-2021,3070,50,Reply
1238,5-5-2021,3070,50,Reply
1239,5-5-2021,3070,50,Payment
1240,5-5-2021,3070,50,PartyJoin
1241,5-5-2021,3070,50,ConversationNew
1242,5-5-2021,3070,50,Payment
1243,5-5-2021,3070,50,ConversationNew
1244,5-5-2021,3070,50,Reply
1245,5-5-2021,3070,50,Transaction
1246,5-5-2021,3070,50,ConversationMsgSent
1247,5-5-2021,3070,50,StoreOpened
1248,5-5-2021,3070,50,MessageSent
1249,5-5-2021,3070,50,ConversationNew
1250,5-5-2021,3070,50,Payment
1251,5-5-2021,3070,50,ConversationNew
1252,5-5-2021,3070,50,Reply
1253,5-5-2021,3070,50,ConversationNew
1254,5-5-2021,3070,50,StoreOpened
1255,5-5-2021,3070,50,StoreItemClick
1256,5-5-2021,3070,50,MessageSent
1257,5-5-2021,3070,50,StoreItemClick
1258,5-5-2021,3070,50,StoreOpened
1259,5-5-2021,3070,50,Transaction
1260,5-5-2021,3070,50,Transaction
1261,5-5-2021,3070,50,Reply
1262,5-5-2021,3070,50,PartyJoin
1263,5-5-2021,3070,50,Reply
1264,5-5-2021,3070,50,Transaction
1265,5-5-2021,3070,50,PartyJoin
1266,5-5-2021,3070,50,PartyJoin
1267,5-5-2021,3070,50,StoreOpened
1268,5-5-2021,3070,50,ConversationMsgSent
1269,5-5-2021,3070,50,ConversationNew
1270,5-5-2021,3070,50,ConversationMsgSent
1271,5-5-2021,3070,50,Reply
1272,5-5-2021,3070,50,StoreItemClick
1273,5-5-2021,3070,50,Transaction
1274,5-5-2021,3070,50,ConversationNew
1275,5-5-2021,3070,50,PartyJoin
1276,5-5-2021,3070,50,StoreOpened
1277,5-5-2021,3070,50,StoreOpened
1278,5-5-2021,3070,50,ConversationMsgSent
1279,5-5-2021,3070,50,Transaction
1280,5-5-2021,3070,50,Transaction
1281,5-5-2021,3070,50,StoreItemClick
1282,5-5-2021,3070,50,StoreOpened
1283,5-5-2021,3070,50,Payment
1284,5-5-2021,3070,50,StoreOpened
1285,5-5-2021,3070,50,ConversationNew
1286,5-5-2021,3070,50,SpendMoney
1287,5-5-2021,3070,50,Reply
1288,5-5-2021,3070,50,StoreOpened
1289,5-5-2021,3070,50,MessageSent
1290,5-5-2021,3070,50,Payment
1291,5-5-2021,3070,50,ConversationNew
1292,5-5-2021,3070,50,Transaction
1293,5-5-2021,3070,50,ConversationNew
1294,5-5-2021,3070,50,Transaction
1295,5-5-2021,3070,50,Transaction
1296,5-5-2021,3070,50,Transaction
1297,5-5-2021,3070,50,Transaction
1298,5-5-2021,3070,50,Reply
1299,5-5-2021,3070,50,PartyJoin
1300,5-5-2021,3070,50,SpendMoney
1301,5-5-2021,3070,50,ConversationNew
1302,5-5-2021,3070,50,ConversationMsgSent
1303,5-5-2021,3070,50,PartyJoin
1304,5-5-2021,3070,50,PartyJoin
1305,5-5-2021,3070,50,Reply
1306,5-5-2021,3070,50,PartyJoin
1307,5-5-2021,3070,50,ConversationNew
1308,5-5-2021,3070,50,Payment
1309,5-5-2021,3070,50,StoreItemClick
1310,5-5-2021,3070,50,Transaction
1311,5-5-2021,3070,50,MessageSent
1312,5-5-2021,3070,50,Payment
1313,5-5-2021,3070,50,StoreOpened
1314,5-5-2021,3070,50,StoreOpened
1315,5-5-2021,3070,50,MessageSent
1316,5-5-2021,3070,50,SpendMoney
1317,5-5-2021,3070,50,Payment
1318,5-5-2021,3070,50,Reply
1319,5-5-2021,3070,50,StoreOpened
1320,5-5-2021,3070,50,StoreOpened
1321,5-5-2021,3070,50,ConversationMsgSent
1322,5-5-2021,3070,50,ConversationMsgSent
1323,5-5-2021,3070,50,Payment
1324,5-5-2021,3070,50,Transaction
1325,5-5-2021,3070,50,ConversationNew
1326,5-5-2021,3070,50,ConversationNew
1327,5-5-2021,3070,50,ConversationNew
1328,5-5-2021,3070,50,Reply
1329,5-5-2021,3070,50,StoreItemClick
1330,5-5-2021,3070,50,MessageSent
1331,5-5-2021,3070,50,Transaction
1332,5-5-2021,3070,50,StoreItemClick
1333,5-5-2021,3070,50,StoreOpened
1334,5-5-2021,3070,50,ConversationNew
1335,5-5-2021,3070,50,Reply
1336,5-5-2021,3070,50,ConversationMsgSent
1337,5-5-2021,3070,50,ConversationMsgSent
1338,5-5-2021,3070,50,StoreOpened
1339,5-5-2021,3070,50,ConversationMsgSent
1340,5-5-2021,3070,50,StoreOpened
1341,5-5-2021,3070,50,Reply
1342,5-5-2021,3070,50,ConversationNew
1343,5-5-2021,3070,50,SpendMoney
1344,5-5-2021,3070,50,StoreItemClick
1345,5-5-2021,3070,50,SpendMoney
1346,5-5-2021,3070,50,StoreItemClick
1347,5-5-2021,3070,50,ConversationNew
1348,5-5-2021,3070,50,ConversationMsgSent
1349,5-5-2021,3070,50,ConversationNew
1350,5-5-2021,3070,50,ConversationNew
1351,5-5-2021,3070,50,Reply
1352,5-5-2021,3070,50,Transaction
1353,5-5-2021,3070,50,MessageSent
1354,5-5-2021,3070,50,PartyJoin
1355,5-5-2021,3070,50,ConversationNew
1356,5-5-2021,3070,50,StoreItemClick
1357,5-5-2021,3070,50,StoreItemClick
1358,5-5-2021,3070,50,ConversationNew
1359,5-5-2021,3070,50,SpendMoney
1360,5-5-2021,3070,50,Transaction
1361,5-5-2021,3070,50,PartyJoin
1362,5-5-2021,3070,50,Transaction
1363,5-5-2021,3070,50,ConversationNew
1364,5-5-2021,3070,50,Reply
1365,5-5-2021,3070,50,PartyJoin
1366,5-5-2021,3070,50,StoreItemClick
1367,5-5-2021,3070,50,Transaction
1368,5-5-2021,3070,50,StoreOpened
1369,5-5-2021,3070,50,ConversationNew
1370,5-5-2021,3070,50,ConversationNew
1371,5-5-2021,3070,50,ConversationMsgSent
1372,5-5-2021,3070,50,Transaction
1373,5-5-2021,3070,50,ConversationNew
1374,5-5-2021,3070,50,ConversationNew
1375,5-5-2021,3070,50,Transaction
1376,5-5-2021,3070,50,ConversationNew
1377,5-5-2021,3070,50,Transaction
1378,5-5-2021,3070,50,ConversationMsgSent
1379,5-5-2021,3070,50,Transaction
1380,5-5-2021,3070,50,SpendMoney
1381,5-5-2021,3070,50,PartyJoin
1382,5-5-2021,3070,50,ConversationNew
1383,5-5-2021,3070,50,StoreItemClick
1384,5-5-2021,3070,50,PartyJoin
1385,5-5-2021,3070,50,MessageSent
1386,5-5-2021,3070,50,ConversationNew
1387,5-5-2021,3070,50,SpendMoney
1388,5-5-2021,3070,50,MessageSent
1389,5-5-2021,3070,50,SpendMoney
1390,5-5-2021,3070,50,ConversationNew
1391,5-5-2021,3070,50,MessageSent
1392,5-5-2021,3070,50,Payment
1393,5-5-2021,3070,50,MessageSent
1394,5-5-2021,3070,50,PartyJoin
1395,5-5-2021,3070,50,Reply
1396,5-5-2021,3070,50,SpendMoney
1397,5-5-2021,3070,50,SpendMoney
1398,5-5-2021,3070,50,MessageSent
1399,5-5-2021,3070,50,ConversationNew
1400,5-5-2021,3070,50,ConversationNew
1401,5-5-2021,3070,50,SpendMoney
1402,5-5-2021,3070,50,MessageSent
1403,5-5-2021,3070,50,StoreOpened
1404,5-5-2021,3070,50,ConversationMsgSent
1405,5-5-2021,3070,50,Payment
1406,5-5-2021,3070,50,Reply
1407,5-5-2021,3070,50,Payment
1408,5-5-2021,3070,50,StoreItemClick
1409,5-5-2021,3070,50,StoreOpened
1410,5-5-2021,3070,50,Reply
1411,5-5-2021,3070,50,PartyJoin
1412,5-5-2021,3070,50,Reply
1413,5-5-2021,3070,50,MessageSent
1414,5-5-2021,3070,50,MessageSent
1415,5-5-2021,3070,50,Transaction
1416,5-5-2021,3070,50,SpendMoney
1417,5-5-2021,3070,50,SpendMoney
1418,5-5-2021,3070,50,MessageSent
1419,5-5-2021,3070,50,Payment
1420,5-5-2021,3070,50,Reply
1421,5-5-2021,3070,50,Transaction
1422,5-5-2021,3070,50,MessageSent
1423,5-5-2021,3070,50,StoreOpened
1424,5-5-2021,3070,50,PartyJoin
1425,5-5-2021,3070,50,Payment
1426,5-5-2021,3070,50,StoreItemClick
1427,5-5-2021,3070,50,Reply
1428,5-5-2021,3070,50,Reply
1429,5-5-2021,3070,50,SpendMoney
1430,5-5-2021,3070,50,StoreItemClick
1431,5-5-2021,3070,50,Transaction
1432,5-5-2021,3070,50,ConversationMsgSent
1433,5-5-2021,3070,50,PartyJoin
1434,5-5-2021,3070,50,PartyJoin
1435,5-5-2021,3070,50,MessageSent
1436,5-5-2021,3070,50,Payment
1437,5-5-2021,3070,50,MessageSent
1438,5-5-2021,3070,50,ConversationNew
1439,5-5-2021,3070,50,Transaction
1440,5-5-2021,3070,50,Payment
1441,5-5-2021,3070,50,ConversationMsgSent
1442,5-5-2021,3070,50,MessageSent
1443,5-5-2021,3070,50,MessageSent
1444,5-5-2021,3070,50,StoreItemClick
1445,5-5-2021,3070,50,MessageSent
1446,5-5-2021,3070,50,Reply
1447,5-5-2021,3070,50,Payment
1448,5-5-2021,3070,50,PartyJoin
1449,5-5-2021,3070,50,Transaction
1450,5-5-2021,3070,50,Reply
1451,5-5-2021,3070,50,SpendMoney
1452,5-5-2021,3070,50,SpendMoney
1453,5-5-2021,3070,50,StoreItemClick
1454,5-5-2021,3070,50,StoreItemClick
1455,5-5-2021,3070,50,StoreItemClick
1456,5-5-2021,3070,50,PartyJoin
1457,5-5-2021,3070,50,MessageSent
1458,5-5-2021,3070,50,ConversationMsgSent
1459,5-5-2021,3070,50,MessageSent
1460,5-5-2021,3070,50,MessageSent
1461,5-5-2021,3070,50,MessageSent
1462,5-5-2021,3070,50,Payment
1463,5-5-2021,3070,50,PartyJoin
1464,5-5-2021,3070,50,StoreOpened
1465,5-5-2021,3070,50,MessageSent
1466,5-5-2021,3070,50,SpendMoney
1467,5-5-2021,3070,50,MessageSent
1468,5-5-2021,3070,50,StoreOpened
1469,5-5-2021,3070,50,StoreOpened
1470,5-5-2021,3070,50,StoreOpened
1471,5-5-2021,3070,50,Transaction
1472,5-5-2021,3070,50,Payment
1473,5-5-2021,3070,50,Payment
1474,5-5-2021,3070,50,StoreItemClick
1475,5-5-2021,3070,50,ConversationNew
1476,5-5-2021,3070,50,Reply
1477,5-5-2021,3070,50,Payment
1478,5-5-2021,3070,50,MessageSent
1479,5-5-2021,3070,50,ConversationNew
1480,5-5-2021,3070,50,PartyJoin
1481,5-5-2021,3070,50,SpendMoney
1482,5-5-2021,3070,50,Payment
1483,5-5-2021,3070,50,PartyJoin
1484,5-5-2021,3070,50,StoreOpened
1485,5-5-2021,3070,50,Payment
1486,5-5-2021,3070,50,StoreItemClick
1487,5-5-2021,3070,50,MessageSent
1488,5-5-2021,3070,50,ConversationNew
1489,5-5-2021,3070,50,Reply
1490,5-5-2021,3070,50,MessageSent
1491,5-5-2021,3070,50,StoreOpened
1492,5-5-2021,3070,50,ConversationNew
1493,5-5-2021,3070,50,PartyJoin
1494,5-5-2021,3070,50,ConversationMsgSent
1495,5-5-2021,3070,50,Transaction
1496,5-5-2021,3070,50,ConversationNew
1497,5-5-2021,3070,50,ConversationNew
1498,5-5-2021,3070,50,SpendMoney
1499,5-5-2021,3070,50,Payment
