,Date,User,XP,Event
0,1-5-2021,1154,50,renderCrossedSquares
1,1-5-2021,1154,50,addRecipesTool
2,1-5-2021,1154,50,aquaAffinity
3,1-5-2021,1154,50,addRecipesTool
4,1-5-2021,1154,50,doesContainerItemLeaveCraftingGrid
5,1-5-2021,1154,50,addRecipesTool
6,1-5-2021,1154,50,displayGUIWorkbench
7,1-5-2021,1154,50,updateLeashedState
8,1-5-2021,1154,50,initCraftableStats
9,1-5-2021,1154,50,fall
10,1-5-2021,1154,50,aquaAffinity
11,1-5-2021,1154,50,addRecipesCrafting
12,1-5-2021,1154,50,onCrafting
13,1-5-2021,1154,50,getEntityToAttack
14,1-5-2021,1154,50,addRecipesIngot
15,1-5-2021,1154,50,addRecipesWeapon
16,1-5-2021,1154,50,canMineBlock
17,1-5-2021,1154,50,getCraftingResult
18,1-5-2021,1154,50,procreate
19,1-5-2021,1154,50,renderCrossedSquares
20,1-5-2021,1154,50,canMineBlock
21,1-5-2021,1154,50,onKillEntity
22,1-5-2021,1154,50,dropFewItems
23,1-5-2021,1154,50,addRecipesDyefood
24,1-5-2021,1154,50,addRecipesDye
25,1-5-2021,1154,50,addRecipesWeapon
26,1-5-2021,1154,50,addRecipesCrafting
27,1-5-2021,1154,50,applyArmorCalculations
28,1-5-2021,1154,50,setInventorySlotContents
29,1-5-2021,1154,50,fall
30,1-5-2021,1154,50,getCraftingResult
31,1-5-2021,1154,50,displayGUIWorkbench
32,1-5-2021,1154,50,renderCrossedSquares
33,1-5-2021,1154,50,fall
34,1-5-2021,1154,50,findPlayerToAttack
35,1-5-2021,1154,50,doesContainerItemLeaveCraftingGrid
36,1-5-2021,1154,50,addRecipesIngot
37,1-5-2021,1154,50,displayGUIWorkbench
38,1-5-2021,1154,50,displayGUIWorkbench
39,1-5-2021,1154,50,dropFewItems
40,1-5-2021,1154,50,canBeSteered
41,1-5-2021,1154,50,canMineBlock
42,1-5-2021,1154,50,onCrafting
43,1-5-2021,1154,50,updateLeashedState
44,1-5-2021,1154,50,getEntityToAttack
45,1-5-2021,1154,50,isBreedingItem
46,1-5-2021,1154,50,addRecipesCrafting
47,1-5-2021,1154,50,procreate
48,1-5-2021,1154,50,setInventorySlotContents
49,1-5-2021,1154,50,dropFewItems
50,1-5-2021,1154,50,fall
51,1-5-2021,1154,50,isBreedingItem
52,1-5-2021,1154,50,doesContainerItemLeaveCraftingGrid
53,1-5-2021,1154,50,addRecipesTool
54,1-5-2021,1154,50,addRecipesCrafting
55,1-5-2021,1154,50,canMineBlock
56,1-5-2021,1154,50,isInLove
57,1-5-2021,1154,50,getEntityToAttack
58,1-5-2021,1154,50,addRecipesDye
59,1-5-2021,1154,50,onKillEntity
60,1-5-2021,1154,50,findPlayerToAttack
61,1-5-2021,1154,50,addRecipesIngot
62,1-5-2021,1154,50,canMineBlock
63,1-5-2021,1154,50,isBreedingItem
64,1-5-2021,1154,50,isBreedingItem
65,1-5-2021,1154,50,canBeSteered
66,1-5-2021,1154,50,isBreedingItem
67,1-5-2021,1154,50,canBeSteered
68,1-5-2021,1154,50,isInLove
69,1-5-2021,1154,50,procreate
70,1-5-2021,1154,50,isBreedingItem
71,1-5-2021,1154,50,canBeSteered
72,1-5-2021,1154,50,isInLove
73,1-5-2021,1154,50,procreate
74,1-5-2021,1154,50,doesContainerItemLeaveCraftingGrid
75,1-5-2021,1154,50,canBeSteered
76,1-5-2021,1154,50,addRecipesCrafting
77,1-5-2021,1154,50,canPickUpLoot
78,1-5-2021,1154,50,miningPlayerEntId
79,1-5-2021,1154,50,canPickUpLoot
80,1-5-2021,1154,50,addRecipesDye
81,1-5-2021,1154,50,isInLove
82,1-5-2021,1154,50,addRecipesWeapon
83,1-5-2021,1154,50,displayGUIWorkbench
84,1-5-2021,1154,50,addRecipesIngot
85,1-5-2021,1154,50,updateLeashedState
86,1-5-2021,1154,50,canBeSteered
87,1-5-2021,1154,50,initCraftableStats
88,1-5-2021,1154,50,findPlayerToAttack
89,1-5-2021,1154,50,addRecipesTool
90,1-5-2021,1154,50,dropFewItems
91,1-5-2021,1154,50,getEntityToAttack
92,1-5-2021,1154,50,fall
93,1-5-2021,1154,50,fall
94,1-5-2021,1154,50,isBreedingItem
95,1-5-2021,1154,50,canBeSteered
96,1-5-2021,1154,50,isInLove
97,1-5-2021,1154,50,procreate
98,1-5-2021,1154,50,canMineBlock
99,1-5-2021,1154,50,aquaAffinity
100,1-5-2021,1154,50,addRecipesDyefood
101,1-5-2021,1154,50,setInventorySlotContents
102,1-5-2021,1154,50,isBreedingItem
103,1-5-2021,1154,50,doesContainerItemLeaveCraftingGrid
104,1-5-2021,1154,50,doesContainerItemLeaveCraftingGrid
105,1-5-2021,1154,50,doesContainerItemLeaveCraftingGrid
106,1-5-2021,1154,50,setInventorySlotContents
107,1-5-2021,1154,50,initCraftableStats
108,1-5-2021,1154,50,renderCrossedSquares
109,1-5-2021,1154,50,canBeSteered
110,1-5-2021,1154,50,procreate
111,1-5-2021,1154,50,canBeSteered
112,1-5-2021,1154,50,canMineBlock
113,1-5-2021,1154,50,canBeSteered
114,1-5-2021,1154,50,isInLove
115,1-5-2021,1154,50,fall
116,1-5-2021,1154,50,addRecipesDye
117,1-5-2021,1154,50,isBreedingItem
118,1-5-2021,1154,50,canBeSteered
119,1-5-2021,1154,50,isBreedingItem
120,1-5-2021,1154,50,canBeSteered
121,1-5-2021,1154,50,isInLove
122,1-5-2021,1154,50,procreate
123,1-5-2021,1154,50,applyArmorCalculations
124,1-5-2021,1154,50,addRecipesTool
125,1-5-2021,1154,50,updateLeashedState
126,1-5-2021,1154,50,canMineBlock
127,1-5-2021,1154,50,isBreedingItem
128,1-5-2021,1154,50,canBeSteered
129,1-5-2021,1154,50,isInLove
130,1-5-2021,1154,50,procreate
131,1-5-2021,1154,50,onCrafting
132,1-5-2021,1154,50,onCrafting
133,1-5-2021,1154,50,addRecipesCrafting
134,1-5-2021,1154,50,procreate
135,1-5-2021,1154,50,dropFewItems
136,1-5-2021,1154,50,matches
137,1-5-2021,1154,50,isBreedingItem
138,1-5-2021,1154,50,displayGUIWorkbench
139,1-5-2021,1154,50,onKillEntity
140,1-5-2021,1154,50,canMineBlock
141,1-5-2021,1154,50,updateLeashedState
142,1-5-2021,1154,50,canBeSteered
143,1-5-2021,1154,50,addRecipesDye
144,1-5-2021,1154,50,doesContainerItemLeaveCraftingGrid
145,1-5-2021,1154,50,getEntityToAttack
146,1-5-2021,1154,50,updateLeashedState
147,1-5-2021,1154,50,renderCrossedSquares
148,1-5-2021,1154,50,renderCrossedSquares
149,1-5-2021,1154,50,addRecipesDye
150,1-5-2021,1154,50,isBreedingItem
151,1-5-2021,1154,50,canBeSteered
152,1-5-2021,1154,50,isInLove
153,1-5-2021,1154,50,procreate
154,1-5-2021,1154,50,initCraftableStats
155,1-5-2021,1154,50,getCraftingResult
156,1-5-2021,1154,50,fall
157,1-5-2021,1154,50,initCraftableStats
158,1-5-2021,1154,50,canMineBlock
159,1-5-2021,1154,50,isBreedingItem
160,1-5-2021,1154,50,onKillEntity
161,1-5-2021,1154,50,getCraftingResult
162,1-5-2021,1154,50,isInLove
163,1-5-2021,1154,50,onKillEntity
164,1-5-2021,1154,50,fall
165,1-5-2021,1154,50,aquaAffinity
166,1-5-2021,1154,50,canMineBlock
167,1-5-2021,1154,50,findPlayerToAttack
168,1-5-2021,1154,50,renderCrossedSquares
169,1-5-2021,1154,50,attemptDamageItem
170,1-5-2021,1154,50,getEntityToAttack
171,1-5-2021,1154,50,applyArmorCalculations
172,1-5-2021,1154,50,fall
173,1-5-2021,1154,50,canPickUpLoot
174,1-5-2021,1154,50,doesContainerItemLeaveCraftingGrid
175,1-5-2021,1154,50,getCraftingResult
176,1-5-2021,1154,50,getEntityToAttack
177,1-5-2021,1154,50,getCraftingResult
178,1-5-2021,1154,50,aquaAffinity
179,1-5-2021,1154,50,isBreedingItem
180,1-5-2021,1154,50,displayGUIWorkbench
181,1-5-2021,1154,50,miningPlayerEntId
182,1-5-2021,1154,50,aquaAffinity
183,1-5-2021,1154,50,isBreedingItem
184,1-5-2021,1154,50,addRecipesDye
185,1-5-2021,1154,50,dropFewItems
186,1-5-2021,1154,50,addRecipesDye
187,1-5-2021,1154,50,procreate
188,1-5-2021,1154,50,fall
189,1-5-2021,1154,50,doesContainerItemLeaveCraftingGrid
190,1-5-2021,1154,50,canPickUpLoot
191,1-5-2021,1154,50,getEntityToAttack
192,1-5-2021,1154,50,isBreedingItem
193,1-5-2021,1154,50,canBeSteered
194,1-5-2021,1154,50,isInLove
195,1-5-2021,1154,50,procreate
196,1-5-2021,1154,50,canPickUpLoot
197,1-5-2021,1154,50,canPickUpLoot
198,1-5-2021,1154,50,initCraftableStats
199,1-5-2021,1154,50,isBreedingItem
200,1-5-2021,1154,50,canBeSteered
201,1-5-2021,1154,50,isInLove
202,1-5-2021,1154,50,procreate
203,1-5-2021,1154,50,procreate
204,1-5-2021,1154,50,setInventorySlotContents
205,1-5-2021,1154,50,addRecipesWeapon
206,1-5-2021,1154,50,procreate
207,1-5-2021,1154,50,addRecipesIngot
208,1-5-2021,1154,50,dropFewItems
209,1-5-2021,1154,50,fall
210,1-5-2021,1154,50,isBreedingItem
211,1-5-2021,1154,50,canBeSteered
212,1-5-2021,1154,50,isBreedingItem
213,1-5-2021,1154,50,canBeSteered
214,1-5-2021,1154,50,isInLove
215,1-5-2021,1154,50,procreate
216,1-5-2021,1154,50,addRecipesDyefood
217,1-5-2021,1154,50,isBreedingItem
218,1-5-2021,1154,50,doesContainerItemLeaveCraftingGrid
219,1-5-2021,1154,50,getEntityToAttack
220,1-5-2021,1154,50,isBreedingItem
221,1-5-2021,1154,50,renderCrossedSquares
222,1-5-2021,1154,50,onCrafting
223,1-5-2021,1154,50,doesContainerItemLeaveCraftingGrid
224,1-5-2021,1154,50,miningPlayerEntId
225,1-5-2021,1154,50,isBreedingItem
226,1-5-2021,1154,50,canBeSteered
227,1-5-2021,1154,50,isInLove
228,1-5-2021,1154,50,procreate
229,1-5-2021,1154,50,canBeSteered
230,1-5-2021,1154,50,renderCrossedSquares
231,1-5-2021,1154,50,addRecipesTool
232,1-5-2021,1154,50,attemptDamageItem
233,1-5-2021,1154,50,renderCrossedSquares
234,1-5-2021,1154,50,getCraftingResult
235,1-5-2021,1154,50,addRecipesCrafting
236,1-5-2021,1154,50,attemptDamageItem
237,1-5-2021,1154,50,procreate
238,1-5-2021,1154,50,getEntityToAttack
239,1-5-2021,1154,50,attemptDamageItem
240,1-5-2021,1154,50,applyArmorCalculations
241,1-5-2021,1154,50,isInLove
242,1-5-2021,1154,50,canPickUpLoot
243,1-5-2021,1154,50,applyArmorCalculations
244,1-5-2021,1154,50,addRecipesTool
245,1-5-2021,1154,50,matches
246,1-5-2021,1154,50,applyArmorCalculations
247,1-5-2021,1154,50,findPlayerToAttack
248,1-5-2021,1154,50,renderCrossedSquares
249,1-5-2021,1154,50,addRecipesIngot
250,1-5-2021,1154,50,canMineBlock
251,1-5-2021,1154,50,dropFewItems
252,1-5-2021,1154,50,fall
253,1-5-2021,1154,50,fall
254,1-5-2021,1154,50,addRecipesCrafting
255,1-5-2021,1154,50,dropFewItems
256,1-5-2021,1154,50,attemptDamageItem
257,1-5-2021,1154,50,isBreedingItem
258,1-5-2021,1154,50,canBeSteered
259,1-5-2021,1154,50,isInLove
260,1-5-2021,1154,50,procreate
261,1-5-2021,1154,50,canBeSteered
262,1-5-2021,1154,50,findPlayerToAttack
263,1-5-2021,1154,50,matches
264,1-5-2021,1154,50,setInventorySlotContents
265,1-5-2021,1154,50,isBreedingItem
266,1-5-2021,1154,50,onKillEntity
267,1-5-2021,1154,50,addRecipesTool
268,1-5-2021,1154,50,addRecipesTool
269,1-5-2021,1154,50,applyArmorCalculations
270,1-5-2021,1154,50,applyArmorCalculations
271,1-5-2021,1154,50,addRecipesIngot
272,1-5-2021,1154,50,isBreedingItem
273,1-5-2021,1154,50,canBeSteered
274,1-5-2021,1154,50,isBreedingItem
275,1-5-2021,1154,50,canBeSteered
276,1-5-2021,1154,50,isInLove
277,1-5-2021,1154,50,procreate
278,1-5-2021,1154,50,renderCrossedSquares
279,1-5-2021,1154,50,renderCrossedSquares
280,1-5-2021,1154,50,onKillEntity
281,1-5-2021,1154,50,canBeSteered
282,1-5-2021,1154,50,getCraftingResult
283,1-5-2021,1154,50,addRecipesWeapon
284,1-5-2021,1154,50,aquaAffinity
285,1-5-2021,1154,50,dropFewItems
286,1-5-2021,1154,50,miningPlayerEntId
287,1-5-2021,1154,50,matches
288,1-5-2021,1154,50,doesContainerItemLeaveCraftingGrid
289,1-5-2021,1154,50,addRecipesTool
290,1-5-2021,1154,50,fall
291,1-5-2021,1154,50,getCraftingResult
292,1-5-2021,1154,50,renderCrossedSquares
293,1-5-2021,1154,50,addRecipesDyefood
294,1-5-2021,1154,50,isBreedingItem
295,1-5-2021,1154,50,canBeSteered
296,1-5-2021,1154,50,isInLove
297,1-5-2021,1154,50,procreate
298,1-5-2021,1154,50,canBeSteered
299,1-5-2021,1154,50,applyArmorCalculations
300,2-5-2021,1154,50,miningPlayerEntId
301,2-5-2021,1154,50,isBreedingItem
302,2-5-2021,1154,50,canBeSteered
303,2-5-2021,1154,50,isInLove
304,2-5-2021,1154,50,procreate
305,2-5-2021,1154,50,addRecipesIngot
306,2-5-2021,1154,50,dropFewItems
307,2-5-2021,1154,50,dropFewItems
308,2-5-2021,1154,50,renderCrossedSquares
309,2-5-2021,1154,50,isBreedingItem
310,2-5-2021,1154,50,displayGUIWorkbench
311,2-5-2021,1154,50,addRecipesIngot
312,2-5-2021,1154,50,procreate
313,2-5-2021,1154,50,onCrafting
314,2-5-2021,1154,50,addRecipesDyefood
315,2-5-2021,1154,50,addRecipesTool
316,2-5-2021,1154,50,onCrafting
317,2-5-2021,1154,50,getCraftingResult
318,2-5-2021,1154,50,miningPlayerEntId
319,2-5-2021,1154,50,canMineBlock
320,2-5-2021,1154,50,renderCrossedSquares
321,2-5-2021,1154,50,aquaAffinity
322,2-5-2021,1154,50,isBreedingItem
323,2-5-2021,1154,50,addRecipesDyefood
324,2-5-2021,1154,50,addRecipesDye
325,2-5-2021,1154,50,fall
326,2-5-2021,1154,50,onCrafting
327,2-5-2021,1154,50,setInventorySlotContents
328,2-5-2021,1154,50,dropFewItems
329,2-5-2021,1154,50,canPickUpLoot
330,2-5-2021,1154,50,canMineBlock
331,2-5-2021,1154,50,attemptDamageItem
332,2-5-2021,1154,50,doesContainerItemLeaveCraftingGrid
333,2-5-2021,1154,50,addRecipesIngot
334,2-5-2021,1154,50,isBreedingItem
335,2-5-2021,1154,50,onKillEntity
336,2-5-2021,1154,50,addRecipesCrafting
337,2-5-2021,1154,50,dropFewItems
338,2-5-2021,1154,50,onCrafting
339,2-5-2021,1154,50,fall
340,2-5-2021,1154,50,findPlayerToAttack
341,2-5-2021,1154,50,fall
342,2-5-2021,1154,50,dropFewItems
343,2-5-2021,1154,50,addRecipesTool
344,2-5-2021,1154,50,onCrafting
345,2-5-2021,1154,50,isBreedingItem
346,2-5-2021,1154,50,procreate
347,2-5-2021,1154,50,canPickUpLoot
348,2-5-2021,1154,50,canBeSteered
349,2-5-2021,1154,50,procreate
350,2-5-2021,1154,50,displayGUIWorkbench
351,2-5-2021,1154,50,addRecipesIngot
352,2-5-2021,1154,50,fall
353,2-5-2021,1154,50,fall
354,2-5-2021,1154,50,setInventorySlotContents
355,2-5-2021,1154,50,miningPlayerEntId
356,2-5-2021,1154,50,aquaAffinity
357,2-5-2021,1154,50,doesContainerItemLeaveCraftingGrid
358,2-5-2021,1154,50,addRecipesTool
359,2-5-2021,1154,50,setInventorySlotContents
360,2-5-2021,1154,50,addRecipesIngot
361,2-5-2021,1154,50,getEntityToAttack
362,2-5-2021,1154,50,applyArmorCalculations
363,2-5-2021,1154,50,onCrafting
364,2-5-2021,1154,50,aquaAffinity
365,2-5-2021,1154,50,procreate
366,2-5-2021,1154,50,addRecipesIngot
367,2-5-2021,1154,50,addRecipesCrafting
368,2-5-2021,1154,50,applyArmorCalculations
369,2-5-2021,1154,50,addRecipesWeapon
370,2-5-2021,1154,50,addRecipesCrafting
371,2-5-2021,1154,50,applyArmorCalculations
372,2-5-2021,1154,50,onKillEntity
373,2-5-2021,1154,50,addRecipesCrafting
374,2-5-2021,1154,50,isBreedingItem
375,2-5-2021,1154,50,attemptDamageItem
376,2-5-2021,1154,50,getCraftingResult
377,2-5-2021,1154,50,canPickUpLoot
378,2-5-2021,1154,50,attemptDamageItem
379,2-5-2021,1154,50,dropFewItems
380,2-5-2021,1154,50,addRecipesWeapon
381,2-5-2021,1154,50,onCrafting
382,2-5-2021,1154,50,addRecipesWeapon
383,2-5-2021,1154,50,dropFewItems
384,2-5-2021,1154,50,doesContainerItemLeaveCraftingGrid
385,2-5-2021,1154,50,applyArmorCalculations
386,2-5-2021,1154,50,fall
387,2-5-2021,1154,50,setInventorySlotContents
388,2-5-2021,1154,50,aquaAffinity
389,2-5-2021,1154,50,onKillEntity
390,2-5-2021,1154,50,applyArmorCalculations
391,2-5-2021,1154,50,addRecipesTool
392,2-5-2021,1154,50,addRecipesDye
393,2-5-2021,1154,50,addRecipesIngot
394,2-5-2021,1154,50,procreate
395,2-5-2021,1154,50,initCraftableStats
396,2-5-2021,1154,50,fall
397,2-5-2021,1154,50,doesContainerItemLeaveCraftingGrid
398,2-5-2021,1154,50,initCraftableStats
399,2-5-2021,1154,50,addRecipesTool
400,2-5-2021,1154,50,getEntityToAttack
401,2-5-2021,1154,50,applyArmorCalculations
402,2-5-2021,1154,50,setInventorySlotContents
403,2-5-2021,1154,50,addRecipesTool
404,2-5-2021,1154,50,getCraftingResult
405,2-5-2021,1154,50,addRecipesTool
406,2-5-2021,1154,50,findPlayerToAttack
407,2-5-2021,1154,50,addRecipesIngot
408,2-5-2021,1154,50,matches
409,2-5-2021,1154,50,canBeSteered
410,2-5-2021,1154,50,getEntityToAttack
411,2-5-2021,1154,50,addRecipesCrafting
412,2-5-2021,1154,50,initCraftableStats
413,2-5-2021,1154,50,setInventorySlotContents
414,2-5-2021,1154,50,miningPlayerEntId
415,2-5-2021,1154,50,initCraftableStats
416,2-5-2021,1154,50,updateLeashedState
417,2-5-2021,1154,50,addRecipesDye
418,2-5-2021,1154,50,getCraftingResult
419,2-5-2021,1154,50,setInventorySlotContents
420,2-5-2021,1154,50,matches
421,2-5-2021,1154,50,applyArmorCalculations
422,2-5-2021,1154,50,matches
423,2-5-2021,1154,50,findPlayerToAttack
424,2-5-2021,1154,50,getCraftingResult
425,2-5-2021,1154,50,getEntityToAttack
426,2-5-2021,1154,50,attemptDamageItem
427,2-5-2021,1154,50,findPlayerToAttack
428,2-5-2021,1154,50,fall
429,2-5-2021,1154,50,findPlayerToAttack
430,2-5-2021,1154,50,doesContainerItemLeaveCraftingGrid
431,2-5-2021,1154,50,dropFewItems
432,2-5-2021,1154,50,aquaAffinity
433,2-5-2021,1154,50,onCrafting
434,2-5-2021,1154,50,addRecipesWeapon
435,2-5-2021,1154,50,addRecipesIngot
436,2-5-2021,1154,50,displayGUIWorkbench
437,2-5-2021,1154,50,findPlayerToAttack
438,2-5-2021,1154,50,findPlayerToAttack
439,2-5-2021,1154,50,addRecipesWeapon
440,2-5-2021,1154,50,dropFewItems
441,2-5-2021,1154,50,addRecipesTool
442,2-5-2021,1154,50,isBreedingItem
443,2-5-2021,1154,50,addRecipesDyefood
444,2-5-2021,1154,50,canBeSteered
445,2-5-2021,1154,50,displayGUIWorkbench
446,2-5-2021,1154,50,isInLove
447,2-5-2021,1154,50,aquaAffinity
448,2-5-2021,1154,50,addRecipesCrafting
449,2-5-2021,1154,50,onKillEntity
450,2-5-2021,1154,50,applyArmorCalculations
451,2-5-2021,1154,50,doesContainerItemLeaveCraftingGrid
452,2-5-2021,1154,50,addRecipesWeapon
453,2-5-2021,1154,50,addRecipesCrafting
454,2-5-2021,1154,50,getEntityToAttack
455,2-5-2021,1154,50,applyArmorCalculations
456,2-5-2021,1154,50,addRecipesCrafting
457,2-5-2021,1154,50,findPlayerToAttack
458,2-5-2021,1154,50,matches
459,2-5-2021,1154,50,addRecipesCrafting
460,2-5-2021,1154,50,addRecipesCrafting
461,2-5-2021,1154,50,canMineBlock
462,2-5-2021,1154,50,canMineBlock
463,2-5-2021,1154,50,canMineBlock
464,2-5-2021,1154,50,getEntityToAttack
465,2-5-2021,1154,50,procreate
466,2-5-2021,1154,50,fall
467,2-5-2021,1154,50,initCraftableStats
468,2-5-2021,1154,50,onCrafting
469,2-5-2021,1154,50,addRecipesTool
470,2-5-2021,1154,50,canBeSteered
471,2-5-2021,1154,50,fall
472,2-5-2021,1154,50,getCraftingResult
473,2-5-2021,1154,50,updateLeashedState
474,2-5-2021,1154,50,fall
475,2-5-2021,1154,50,addRecipesIngot
476,2-5-2021,1154,50,isInLove
477,2-5-2021,1154,50,addRecipesDyefood
478,2-5-2021,1154,50,findPlayerToAttack
479,2-5-2021,1154,50,attemptDamageItem
480,2-5-2021,1154,50,canMineBlock
481,2-5-2021,1154,50,addRecipesDyefood
482,2-5-2021,1154,50,addRecipesTool
483,2-5-2021,1154,50,addRecipesCrafting
484,2-5-2021,1154,50,fall
485,2-5-2021,1154,50,isInLove
486,2-5-2021,1154,50,matches
487,2-5-2021,1154,50,canMineBlock
488,2-5-2021,1154,50,canPickUpLoot
489,2-5-2021,1154,50,applyArmorCalculations
490,2-5-2021,1154,50,onCrafting
491,2-5-2021,1154,50,dropFewItems
492,2-5-2021,1154,50,renderCrossedSquares
493,2-5-2021,1154,50,onKillEntity
494,2-5-2021,1154,50,getEntityToAttack
495,2-5-2021,1154,50,setInventorySlotContents
496,2-5-2021,1154,50,canBeSteered
497,2-5-2021,1154,50,addRecipesDye
498,2-5-2021,1154,50,doesContainerItemLeaveCraftingGrid
499,2-5-2021,1154,50,renderCrossedSquares
500,2-5-2021,1154,50,displayGUIWorkbench
501,2-5-2021,1154,50,addRecipesCrafting
502,2-5-2021,1154,50,miningPlayerEntId
503,2-5-2021,1154,50,onCrafting
504,2-5-2021,1154,50,matches
505,2-5-2021,1154,50,aquaAffinity
506,2-5-2021,1154,50,initCraftableStats
507,2-5-2021,1154,50,getCraftingResult
508,2-5-2021,1154,50,addRecipesDyefood
509,2-5-2021,1154,50,miningPlayerEntId
510,2-5-2021,1154,50,isBreedingItem
511,2-5-2021,1154,50,fall
512,2-5-2021,1154,50,onKillEntity
513,2-5-2021,1154,50,addRecipesDye
514,2-5-2021,1154,50,addRecipesDyefood
515,2-5-2021,1154,50,addRecipesWeapon
516,2-5-2021,1154,50,addRecipesDyefood
517,2-5-2021,1154,50,aquaAffinity
518,2-5-2021,1154,50,addRecipesDyefood
519,2-5-2021,1154,50,fall
520,2-5-2021,1154,50,aquaAffinity
521,2-5-2021,1154,50,doesContainerItemLeaveCraftingGrid
522,2-5-2021,1154,50,addRecipesCrafting
523,2-5-2021,1154,50,attemptDamageItem
524,2-5-2021,1154,50,addRecipesWeapon
525,2-5-2021,1154,50,addRecipesCrafting
526,2-5-2021,1154,50,aquaAffinity
527,2-5-2021,1154,50,renderCrossedSquares
528,2-5-2021,1154,50,fall
529,2-5-2021,1154,50,isBreedingItem
530,2-5-2021,1154,50,addRecipesWeapon
531,2-5-2021,1154,50,doesContainerItemLeaveCraftingGrid
532,2-5-2021,1154,50,updateLeashedState
533,2-5-2021,1154,50,addRecipesDye
534,2-5-2021,1154,50,procreate
535,2-5-2021,1154,50,aquaAffinity
536,2-5-2021,1154,50,matches
537,2-5-2021,1154,50,procreate
538,2-5-2021,1154,50,isInLove
539,2-5-2021,1154,50,applyArmorCalculations
540,2-5-2021,1154,50,canPickUpLoot
541,2-5-2021,1154,50,displayGUIWorkbench
542,2-5-2021,1154,50,fall
543,2-5-2021,1154,50,getEntityToAttack
544,2-5-2021,1154,50,addRecipesIngot
545,2-5-2021,1154,50,initCraftableStats
546,2-5-2021,1154,50,matches
547,2-5-2021,1154,50,addRecipesIngot
548,2-5-2021,1154,50,dropFewItems
549,2-5-2021,1154,50,addRecipesCrafting
550,2-5-2021,1154,50,fall
551,2-5-2021,1154,50,findPlayerToAttack
552,2-5-2021,1154,50,updateLeashedState
553,2-5-2021,1154,50,addRecipesCrafting
554,2-5-2021,1154,50,addRecipesDyefood
555,2-5-2021,1154,50,isBreedingItem
556,2-5-2021,1154,50,addRecipesDye
557,2-5-2021,1154,50,canMineBlock
558,2-5-2021,1154,50,canMineBlock
559,2-5-2021,1154,50,findPlayerToAttack
560,2-5-2021,1154,50,findPlayerToAttack
561,2-5-2021,1154,50,canBeSteered
562,2-5-2021,1154,50,isBreedingItem
563,2-5-2021,1154,50,addRecipesTool
564,2-5-2021,1154,50,aquaAffinity
565,2-5-2021,1154,50,isBreedingItem
566,2-5-2021,1154,50,doesContainerItemLeaveCraftingGrid
567,2-5-2021,1154,50,displayGUIWorkbench
568,2-5-2021,1154,50,doesContainerItemLeaveCraftingGrid
569,2-5-2021,1154,50,findPlayerToAttack
570,2-5-2021,1154,50,canPickUpLoot
571,2-5-2021,1154,50,dropFewItems
572,2-5-2021,1154,50,dropFewItems
573,2-5-2021,1154,50,procreate
574,2-5-2021,1154,50,matches
575,2-5-2021,1154,50,isInLove
576,2-5-2021,1154,50,addRecipesTool
577,2-5-2021,1154,50,renderCrossedSquares
578,2-5-2021,1154,50,initCraftableStats
579,2-5-2021,1154,50,aquaAffinity
580,2-5-2021,1154,50,attemptDamageItem
581,2-5-2021,1154,50,findPlayerToAttack
582,2-5-2021,1154,50,addRecipesIngot
583,2-5-2021,1154,50,findPlayerToAttack
584,2-5-2021,1154,50,canBeSteered
585,2-5-2021,1154,50,attemptDamageItem
586,2-5-2021,1154,50,aquaAffinity
587,2-5-2021,1154,50,isBreedingItem
588,2-5-2021,1154,50,matches
589,2-5-2021,1154,50,fall
590,2-5-2021,1154,50,addRecipesDye
591,2-5-2021,1154,50,dropFewItems
592,2-5-2021,1154,50,addRecipesDyefood
593,2-5-2021,1154,50,applyArmorCalculations
594,2-5-2021,1154,50,isBreedingItem
595,2-5-2021,1154,50,onKillEntity
596,2-5-2021,1154,50,renderCrossedSquares
597,2-5-2021,1154,50,getEntityToAttack
598,2-5-2021,1154,50,initCraftableStats
599,2-5-2021,1154,50,fall
600,3-5-2021,1154,50,matches
601,3-5-2021,1154,50,initCraftableStats
602,3-5-2021,1154,50,isInLove
603,3-5-2021,1154,50,isInLove
604,3-5-2021,1154,50,onKillEntity
605,3-5-2021,1154,50,renderCrossedSquares
606,3-5-2021,1154,50,procreate
607,3-5-2021,1154,50,canMineBlock
608,3-5-2021,1154,50,addRecipesWeapon
609,3-5-2021,1154,50,attemptDamageItem
610,3-5-2021,1154,50,canMineBlock
611,3-5-2021,1154,50,updateLeashedState
612,3-5-2021,1154,50,miningPlayerEntId
613,3-5-2021,1154,50,canMineBlock
614,3-5-2021,1154,50,dropFewItems
615,3-5-2021,1154,50,renderCrossedSquares
616,3-5-2021,1154,50,addRecipesDyefood
617,3-5-2021,1154,50,findPlayerToAttack
618,3-5-2021,1154,50,procreate
619,3-5-2021,1154,50,canBeSteered
620,3-5-2021,1154,50,isInLove
621,3-5-2021,1154,50,canPickUpLoot
622,3-5-2021,1154,50,fall
623,3-5-2021,1154,50,setInventorySlotContents
624,3-5-2021,1154,50,canBeSteered
625,3-5-2021,1154,50,aquaAffinity
626,3-5-2021,1154,50,getCraftingResult
627,3-5-2021,1154,50,applyArmorCalculations
628,3-5-2021,1154,50,addRecipesWeapon
629,3-5-2021,1154,50,addRecipesWeapon
630,3-5-2021,1154,50,attemptDamageItem
631,3-5-2021,1154,50,getEntityToAttack
632,3-5-2021,1154,50,findPlayerToAttack
633,3-5-2021,1154,50,initCraftableStats
634,3-5-2021,1154,50,findPlayerToAttack
635,3-5-2021,1154,50,onCrafting
636,3-5-2021,1154,50,matches
637,3-5-2021,1154,50,fall
638,3-5-2021,1154,50,addRecipesIngot
639,3-5-2021,1154,50,isInLove
640,3-5-2021,1154,50,canMineBlock
641,3-5-2021,1154,50,getCraftingResult
642,3-5-2021,1154,50,initCraftableStats
643,3-5-2021,1154,50,applyArmorCalculations
644,3-5-2021,1154,50,addRecipesWeapon
645,3-5-2021,1154,50,fall
646,3-5-2021,1154,50,renderCrossedSquares
647,3-5-2021,1154,50,matches
648,3-5-2021,1154,50,dropFewItems
649,3-5-2021,1154,50,aquaAffinity
650,3-5-2021,1154,50,fall
651,3-5-2021,1154,50,addRecipesCrafting
652,3-5-2021,1154,50,isInLove
653,3-5-2021,1154,50,addRecipesDyefood
654,3-5-2021,1154,50,doesContainerItemLeaveCraftingGrid
655,3-5-2021,1154,50,procreate
656,3-5-2021,1154,50,displayGUIWorkbench
657,3-5-2021,1154,50,addRecipesDye
658,3-5-2021,1154,50,setInventorySlotContents
659,3-5-2021,1154,50,attemptDamageItem
660,3-5-2021,1154,50,initCraftableStats
661,3-5-2021,1154,50,applyArmorCalculations
662,3-5-2021,1154,50,findPlayerToAttack
663,3-5-2021,1154,50,canMineBlock
664,3-5-2021,1154,50,canMineBlock
665,3-5-2021,1154,50,addRecipesTool
666,3-5-2021,1154,50,canPickUpLoot
667,3-5-2021,1154,50,onCrafting
668,3-5-2021,1154,50,canMineBlock
669,3-5-2021,1154,50,addRecipesIngot
670,3-5-2021,1154,50,findPlayerToAttack
671,3-5-2021,1154,50,dropFewItems
672,3-5-2021,1154,50,onKillEntity
673,3-5-2021,1154,50,addRecipesDyefood
674,3-5-2021,1154,50,addRecipesIngot
675,3-5-2021,1154,50,canBeSteered
676,3-5-2021,1154,50,aquaAffinity
677,3-5-2021,1154,50,addRecipesDye
678,3-5-2021,1154,50,onKillEntity
679,3-5-2021,1154,50,isInLove
680,3-5-2021,1154,50,miningPlayerEntId
681,3-5-2021,1154,50,getEntityToAttack
682,3-5-2021,1154,50,findPlayerToAttack
683,3-5-2021,1154,50,canMineBlock
684,3-5-2021,1154,50,findPlayerToAttack
685,3-5-2021,1154,50,addRecipesWeapon
686,3-5-2021,1154,50,isInLove
687,3-5-2021,1154,50,aquaAffinity
688,3-5-2021,1154,50,displayGUIWorkbench
689,3-5-2021,1154,50,getEntityToAttack
690,3-5-2021,1154,50,applyArmorCalculations
691,3-5-2021,1154,50,canBeSteered
692,3-5-2021,1154,50,addRecipesDye
693,3-5-2021,1154,50,getEntityToAttack
694,3-5-2021,1154,50,miningPlayerEntId
695,3-5-2021,1154,50,miningPlayerEntId
696,3-5-2021,1154,50,aquaAffinity
697,3-5-2021,1154,50,getCraftingResult
698,3-5-2021,1154,50,doesContainerItemLeaveCraftingGrid
699,3-5-2021,1154,50,addRecipesDye
700,3-5-2021,1154,50,addRecipesIngot
701,3-5-2021,1154,50,dropFewItems
702,3-5-2021,1154,50,addRecipesDyefood
703,3-5-2021,1154,50,initCraftableStats
704,3-5-2021,1154,50,procreate
705,3-5-2021,1154,50,aquaAffinity
706,3-5-2021,1154,50,canPickUpLoot
707,3-5-2021,1154,50,fall
708,3-5-2021,1154,50,getEntityToAttack
709,3-5-2021,1154,50,fall
710,3-5-2021,1154,50,onCrafting
711,3-5-2021,1154,50,procreate
712,3-5-2021,1154,50,dropFewItems
713,3-5-2021,1154,50,miningPlayerEntId
714,3-5-2021,1154,50,aquaAffinity
715,3-5-2021,1154,50,matches
716,3-5-2021,1154,50,addRecipesTool
717,3-5-2021,1154,50,canMineBlock
718,3-5-2021,1154,50,attemptDamageItem
719,3-5-2021,1154,50,miningPlayerEntId
720,3-5-2021,1154,50,addRecipesWeapon
721,3-5-2021,1154,50,attemptDamageItem
722,3-5-2021,1154,50,doesContainerItemLeaveCraftingGrid
723,3-5-2021,1154,50,getCraftingResult
724,3-5-2021,1154,50,isInLove
725,3-5-2021,1154,50,applyArmorCalculations
726,3-5-2021,1154,50,onCrafting
727,3-5-2021,1154,50,fall
728,3-5-2021,1154,50,onKillEntity
729,3-5-2021,1154,50,aquaAffinity
730,3-5-2021,1154,50,onCrafting
731,3-5-2021,1154,50,displayGUIWorkbench
732,3-5-2021,1154,50,updateLeashedState
733,3-5-2021,1154,50,updateLeashedState
734,3-5-2021,1154,50,initCraftableStats
735,3-5-2021,1154,50,findPlayerToAttack
736,3-5-2021,1154,50,canPickUpLoot
737,3-5-2021,1154,50,getCraftingResult
738,3-5-2021,1154,50,procreate
739,3-5-2021,1154,50,aquaAffinity
740,3-5-2021,1154,50,canBeSteered
741,3-5-2021,1154,50,addRecipesCrafting
742,3-5-2021,1154,50,attemptDamageItem
743,3-5-2021,1154,50,doesContainerItemLeaveCraftingGrid
744,3-5-2021,1154,50,fall
745,3-5-2021,1154,50,addRecipesDyefood
746,3-5-2021,1154,50,aquaAffinity
747,3-5-2021,1154,50,aquaAffinity
748,3-5-2021,1154,50,canBeSteered
749,3-5-2021,1154,50,miningPlayerEntId
750,3-5-2021,1154,50,updateLeashedState
751,3-5-2021,1154,50,setInventorySlotContents
752,3-5-2021,1154,50,matches
753,3-5-2021,1154,50,setInventorySlotContents
754,3-5-2021,1154,50,addRecipesTool
755,3-5-2021,1154,50,updateLeashedState
756,3-5-2021,1154,50,applyArmorCalculations
757,3-5-2021,1154,50,canMineBlock
758,3-5-2021,1154,50,miningPlayerEntId
759,3-5-2021,1154,50,addRecipesWeapon
760,3-5-2021,1154,50,updateLeashedState
761,3-5-2021,1154,50,doesContainerItemLeaveCraftingGrid
762,3-5-2021,1154,50,findPlayerToAttack
763,3-5-2021,1154,50,onCrafting
764,3-5-2021,1154,50,findPlayerToAttack
765,3-5-2021,1154,50,addRecipesIngot
766,3-5-2021,1154,50,doesContainerItemLeaveCraftingGrid
767,3-5-2021,1154,50,addRecipesIngot
768,3-5-2021,1154,50,onCrafting
769,3-5-2021,1154,50,isBreedingItem
770,3-5-2021,1154,50,isInLove
771,3-5-2021,1154,50,renderCrossedSquares
772,3-5-2021,1154,50,onKillEntity
773,3-5-2021,1154,50,fall
774,3-5-2021,1154,50,onKillEntity
775,3-5-2021,1154,50,onKillEntity
776,3-5-2021,1154,50,canMineBlock
777,3-5-2021,1154,50,aquaAffinity
778,3-5-2021,1154,50,getEntityToAttack
779,3-5-2021,1154,50,miningPlayerEntId
780,3-5-2021,1154,50,addRecipesDye
781,3-5-2021,1154,50,addRecipesCrafting
782,3-5-2021,1154,50,dropFewItems
783,3-5-2021,1154,50,isInLove
784,3-5-2021,1154,50,findPlayerToAttack
785,3-5-2021,1154,50,dropFewItems
786,3-5-2021,1154,50,setInventorySlotContents
787,3-5-2021,1154,50,findPlayerToAttack
788,3-5-2021,1154,50,canMineBlock
789,3-5-2021,1154,50,canMineBlock
790,3-5-2021,1154,50,dropFewItems
791,3-5-2021,1154,50,onCrafting
792,3-5-2021,1154,50,getCraftingResult
793,3-5-2021,1154,50,dropFewItems
794,3-5-2021,1154,50,onCrafting
795,3-5-2021,1154,50,addRecipesWeapon
796,3-5-2021,1154,50,isBreedingItem
797,3-5-2021,1154,50,matches
798,3-5-2021,1154,50,renderCrossedSquares
799,3-5-2021,1154,50,addRecipesCrafting
800,3-5-2021,1154,50,addRecipesCrafting
801,3-5-2021,1154,50,setInventorySlotContents
802,3-5-2021,1154,50,applyArmorCalculations
803,3-5-2021,1154,50,renderCrossedSquares
804,3-5-2021,1154,50,matches
805,3-5-2021,1154,50,canPickUpLoot
806,3-5-2021,1154,50,addRecipesCrafting
807,3-5-2021,1154,50,addRecipesWeapon
808,3-5-2021,1154,50,displayGUIWorkbench
809,3-5-2021,1154,50,addRecipesDyefood
810,3-5-2021,1154,50,initCraftableStats
811,3-5-2021,1154,50,matches
812,3-5-2021,1154,50,applyArmorCalculations
813,3-5-2021,1154,50,doesContainerItemLeaveCraftingGrid
814,3-5-2021,1154,50,applyArmorCalculations
815,3-5-2021,1154,50,onCrafting
816,3-5-2021,1154,50,displayGUIWorkbench
817,3-5-2021,1154,50,addRecipesWeapon
818,3-5-2021,1154,50,fall
819,3-5-2021,1154,50,findPlayerToAttack
820,3-5-2021,1154,50,canMineBlock
821,3-5-2021,1154,50,doesContainerItemLeaveCraftingGrid
822,3-5-2021,1154,50,updateLeashedState
823,3-5-2021,1154,50,addRecipesCrafting
824,3-5-2021,1154,50,onCrafting
825,3-5-2021,1154,50,getCraftingResult
826,3-5-2021,1154,50,isInLove
827,3-5-2021,1154,50,isBreedingItem
828,3-5-2021,1154,50,addRecipesWeapon
829,3-5-2021,1154,50,updateLeashedState
830,3-5-2021,1154,50,canPickUpLoot
831,3-5-2021,1154,50,procreate
832,3-5-2021,1154,50,matches
833,3-5-2021,1154,50,addRecipesTool
834,3-5-2021,1154,50,updateLeashedState
835,3-5-2021,1154,50,updateLeashedState
836,3-5-2021,1154,50,addRecipesCrafting
837,3-5-2021,1154,50,miningPlayerEntId
838,3-5-2021,1154,50,procreate
839,3-5-2021,1154,50,fall
840,3-5-2021,1154,50,attemptDamageItem
841,3-5-2021,1154,50,canMineBlock
842,3-5-2021,1154,50,getCraftingResult
843,3-5-2021,1154,50,canBeSteered
844,3-5-2021,1154,50,addRecipesWeapon
845,3-5-2021,1154,50,procreate
846,3-5-2021,1154,50,applyArmorCalculations
847,3-5-2021,1154,50,applyArmorCalculations
848,3-5-2021,1154,50,matches
849,3-5-2021,1154,50,fall
850,3-5-2021,1154,50,canBeSteered
851,3-5-2021,1154,50,canPickUpLoot
852,3-5-2021,1154,50,canMineBlock
853,3-5-2021,1154,50,fall
854,3-5-2021,1154,50,procreate
855,3-5-2021,1154,50,onKillEntity
856,3-5-2021,1154,50,matches
857,3-5-2021,1154,50,getCraftingResult
858,3-5-2021,1154,50,getCraftingResult
859,3-5-2021,1154,50,miningPlayerEntId
860,3-5-2021,1154,50,aquaAffinity
861,3-5-2021,1154,50,onCrafting
862,3-5-2021,1154,50,miningPlayerEntId
863,3-5-2021,1154,50,getCraftingResult
864,3-5-2021,1154,50,addRecipesIngot
865,3-5-2021,1154,50,setInventorySlotContents
866,3-5-2021,1154,50,isBreedingItem
867,3-5-2021,1154,50,canBeSteered
868,3-5-2021,1154,50,dropFewItems
869,3-5-2021,1154,50,addRecipesDyefood
870,3-5-2021,1154,50,setInventorySlotContents
871,3-5-2021,1154,50,addRecipesDye
872,3-5-2021,1154,50,getEntityToAttack
873,3-5-2021,1154,50,isBreedingItem
874,3-5-2021,1154,50,fall
875,3-5-2021,1154,50,canMineBlock
876,3-5-2021,1154,50,addRecipesTool
877,3-5-2021,1154,50,attemptDamageItem
878,3-5-2021,1154,50,findPlayerToAttack
879,3-5-2021,1154,50,fall
880,3-5-2021,1154,50,miningPlayerEntId
881,3-5-2021,1154,50,canPickUpLoot
882,3-5-2021,1154,50,isBreedingItem
883,3-5-2021,1154,50,canBeSteered
884,3-5-2021,1154,50,matches
885,3-5-2021,1154,50,onCrafting
886,3-5-2021,1154,50,fall
887,3-5-2021,1154,50,canPickUpLoot
888,3-5-2021,1154,50,addRecipesDye
889,3-5-2021,1154,50,addRecipesTool
890,3-5-2021,1154,50,initCraftableStats
891,3-5-2021,1154,50,canPickUpLoot
892,3-5-2021,1154,50,displayGUIWorkbench
893,3-5-2021,1154,50,miningPlayerEntId
894,3-5-2021,1154,50,canPickUpLoot
895,3-5-2021,1154,50,doesContainerItemLeaveCraftingGrid
896,3-5-2021,1154,50,renderCrossedSquares
897,3-5-2021,1154,50,procreate
898,3-5-2021,1154,50,addRecipesWeapon
899,3-5-2021,1154,50,findPlayerToAttack
900,4-5-2021,1154,50,initCraftableStats
901,4-5-2021,1154,50,miningPlayerEntId
902,4-5-2021,1154,50,attemptDamageItem
903,4-5-2021,1154,50,displayGUIWorkbench
904,4-5-2021,1154,50,attemptDamageItem
905,4-5-2021,1154,50,addRecipesCrafting
906,4-5-2021,1154,50,miningPlayerEntId
907,4-5-2021,1154,50,canPickUpLoot
908,4-5-2021,1154,50,addRecipesDye
909,4-5-2021,1154,50,addRecipesCrafting
910,4-5-2021,1154,50,displayGUIWorkbench
911,4-5-2021,1154,50,addRecipesTool
912,4-5-2021,1154,50,getEntityToAttack
913,4-5-2021,1154,50,isInLove
914,4-5-2021,1154,50,getEntityToAttack
915,4-5-2021,1154,50,dropFewItems
916,4-5-2021,1154,50,addRecipesCrafting
917,4-5-2021,1154,50,addRecipesDyefood
918,4-5-2021,1154,50,attemptDamageItem
919,4-5-2021,1154,50,doesContainerItemLeaveCraftingGrid
920,4-5-2021,1154,50,isInLove
921,4-5-2021,1154,50,applyArmorCalculations
922,4-5-2021,1154,50,aquaAffinity
923,4-5-2021,1154,50,setInventorySlotContents
924,4-5-2021,1154,50,findPlayerToAttack
925,4-5-2021,1154,50,doesContainerItemLeaveCraftingGrid
926,4-5-2021,1154,50,initCraftableStats
927,4-5-2021,1154,50,addRecipesWeapon
928,4-5-2021,1154,50,addRecipesCrafting
929,4-5-2021,1154,50,addRecipesDye
930,4-5-2021,1154,50,dropFewItems
931,4-5-2021,1154,50,addRecipesCrafting
932,4-5-2021,1154,50,onCrafting
933,4-5-2021,1154,50,addRecipesTool
934,4-5-2021,1154,50,getEntityToAttack
935,4-5-2021,1154,50,addRecipesDye
936,4-5-2021,1154,50,initCraftableStats
937,4-5-2021,1154,50,dropFewItems
938,4-5-2021,1154,50,findPlayerToAttack
939,4-5-2021,1154,50,fall
940,4-5-2021,1154,50,dropFewItems
941,4-5-2021,1154,50,addRecipesTool
942,4-5-2021,1154,50,canPickUpLoot
943,4-5-2021,1154,50,aquaAffinity
944,4-5-2021,1154,50,onCrafting
945,4-5-2021,1154,50,initCraftableStats
946,4-5-2021,1154,50,addRecipesTool
947,4-5-2021,1154,50,attemptDamageItem
948,4-5-2021,1154,50,canMineBlock
949,4-5-2021,1154,50,procreate
950,4-5-2021,1154,50,procreate
951,4-5-2021,1154,50,onKillEntity
952,4-5-2021,1154,50,fall
953,4-5-2021,1154,50,matches
954,4-5-2021,1154,50,setInventorySlotContents
955,4-5-2021,1154,50,canMineBlock
956,4-5-2021,1154,50,displayGUIWorkbench
957,4-5-2021,1154,50,addRecipesWeapon
958,4-5-2021,1154,50,addRecipesCrafting
959,4-5-2021,1154,50,updateLeashedState
960,4-5-2021,1154,50,procreate
961,4-5-2021,1154,50,aquaAffinity
962,4-5-2021,1154,50,addRecipesDye
963,4-5-2021,1154,50,displayGUIWorkbench
964,4-5-2021,1154,50,renderCrossedSquares
965,4-5-2021,1154,50,miningPlayerEntId
966,4-5-2021,1154,50,matches
967,4-5-2021,1154,50,getCraftingResult
968,4-5-2021,1154,50,canBeSteered
969,4-5-2021,1154,50,onCrafting
970,4-5-2021,1154,50,addRecipesDyefood
971,4-5-2021,1154,50,doesContainerItemLeaveCraftingGrid
972,4-5-2021,1154,50,renderCrossedSquares
973,4-5-2021,1154,50,initCraftableStats
974,4-5-2021,1154,50,dropFewItems
975,4-5-2021,1154,50,updateLeashedState
976,4-5-2021,1154,50,dropFewItems
977,4-5-2021,1154,50,addRecipesDyefood
978,4-5-2021,1154,50,initCraftableStats
979,4-5-2021,1154,50,addRecipesTool
980,4-5-2021,1154,50,displayGUIWorkbench
981,4-5-2021,1154,50,addRecipesIngot
982,4-5-2021,1154,50,doesContainerItemLeaveCraftingGrid
983,4-5-2021,1154,50,aquaAffinity
984,4-5-2021,1154,50,fall
985,4-5-2021,1154,50,miningPlayerEntId
986,4-5-2021,1154,50,addRecipesCrafting
987,4-5-2021,1154,50,miningPlayerEntId
988,4-5-2021,1154,50,isInLove
989,4-5-2021,1154,50,canBeSteered
990,4-5-2021,1154,50,addRecipesIngot
991,4-5-2021,1154,50,miningPlayerEntId
992,4-5-2021,1154,50,doesContainerItemLeaveCraftingGrid
993,4-5-2021,1154,50,getCraftingResult
994,4-5-2021,1154,50,miningPlayerEntId
995,4-5-2021,1154,50,canPickUpLoot
996,4-5-2021,1154,50,updateLeashedState
997,4-5-2021,1154,50,initCraftableStats
998,4-5-2021,1154,50,dropFewItems
999,4-5-2021,1154,50,isBreedingItem
1000,4-5-2021,1154,50,attemptDamageItem
1001,4-5-2021,1154,50,addRecipesDye
1002,4-5-2021,1154,50,doesContainerItemLeaveCraftingGrid
1003,4-5-2021,1154,50,isBreedingItem
1004,4-5-2021,1154,50,addRecipesWeapon
1005,4-5-2021,1154,50,addRecipesIngot
1006,4-5-2021,1154,50,applyArmorCalculations
1007,4-5-2021,1154,50,dropFewItems
1008,4-5-2021,1154,50,initCraftableStats
1009,4-5-2021,1154,50,doesContainerItemLeaveCraftingGrid
1010,4-5-2021,1154,50,canPickUpLoot
1011,4-5-2021,1154,50,setInventorySlotContents
1012,4-5-2021,1154,50,canBeSteered
1013,4-5-2021,1154,50,addRecipesDye
1014,4-5-2021,1154,50,miningPlayerEntId
1015,4-5-2021,1154,50,fall
1016,4-5-2021,1154,50,addRecipesDyefood
1017,4-5-2021,1154,50,addRecipesTool
1018,4-5-2021,1154,50,addRecipesTool
1019,4-5-2021,1154,50,onCrafting
1020,4-5-2021,1154,50,displayGUIWorkbench
1021,4-5-2021,1154,50,procreate
1022,4-5-2021,1154,50,procreate
1023,4-5-2021,1154,50,initCraftableStats
1024,4-5-2021,1154,50,canMineBlock
1025,4-5-2021,1154,50,miningPlayerEntId
1026,4-5-2021,1154,50,onCrafting
1027,4-5-2021,1154,50,updateLeashedState
1028,4-5-2021,1154,50,findPlayerToAttack
1029,4-5-2021,1154,50,addRecipesTool
1030,4-5-2021,1154,50,attemptDamageItem
1031,4-5-2021,1154,50,fall
1032,4-5-2021,1154,50,canPickUpLoot
1033,4-5-2021,1154,50,addRecipesDye
1034,4-5-2021,1154,50,onKillEntity
1035,4-5-2021,1154,50,addRecipesWeapon
1036,4-5-2021,1154,50,addRecipesTool
1037,4-5-2021,1154,50,aquaAffinity
1038,4-5-2021,1154,50,addRecipesTool
1039,4-5-2021,1154,50,addRecipesTool
1040,4-5-2021,1154,50,addRecipesIngot
1041,4-5-2021,1154,50,isBreedingItem
1042,4-5-2021,1154,50,getEntityToAttack
1043,4-5-2021,1154,50,fall
1044,4-5-2021,1154,50,aquaAffinity
1045,4-5-2021,1154,50,updateLeashedState
1046,4-5-2021,1154,50,applyArmorCalculations
1047,4-5-2021,1154,50,addRecipesIngot
1048,4-5-2021,1154,50,isInLove
1049,4-5-2021,1154,50,addRecipesCrafting
1050,4-5-2021,1154,50,addRecipesDyefood
1051,4-5-2021,1154,50,dropFewItems
1052,4-5-2021,1154,50,onCrafting
1053,4-5-2021,1154,50,findPlayerToAttack
1054,4-5-2021,1154,50,aquaAffinity
1055,4-5-2021,1154,50,onCrafting
1056,4-5-2021,1154,50,canMineBlock
1057,4-5-2021,1154,50,getEntityToAttack
1058,4-5-2021,1154,50,canMineBlock
1059,4-5-2021,1154,50,dropFewItems
1060,4-5-2021,1154,50,addRecipesIngot
1061,4-5-2021,1154,50,doesContainerItemLeaveCraftingGrid
1062,4-5-2021,1154,50,canBeSteered
1063,4-5-2021,1154,50,canPickUpLoot
1064,4-5-2021,1154,50,displayGUIWorkbench
1065,4-5-2021,1154,50,addRecipesCrafting
1066,4-5-2021,1154,50,updateLeashedState
1067,4-5-2021,1154,50,procreate
1068,4-5-2021,1154,50,fall
1069,4-5-2021,1154,50,setInventorySlotContents
1070,4-5-2021,1154,50,findPlayerToAttack
1071,4-5-2021,1154,50,findPlayerToAttack
1072,4-5-2021,1154,50,onCrafting
1073,4-5-2021,1154,50,initCraftableStats
1074,4-5-2021,1154,50,addRecipesWeapon
1075,4-5-2021,1154,50,miningPlayerEntId
1076,4-5-2021,1154,50,getCraftingResult
1077,4-5-2021,1154,50,fall
1078,4-5-2021,1154,50,setInventorySlotContents
1079,4-5-2021,1154,50,addRecipesDye
1080,4-5-2021,1154,50,canBeSteered
1081,4-5-2021,1154,50,canBeSteered
1082,4-5-2021,1154,50,canPickUpLoot
1083,4-5-2021,1154,50,canPickUpLoot
1084,4-5-2021,1154,50,canBeSteered
1085,4-5-2021,1154,50,attemptDamageItem
1086,4-5-2021,1154,50,fall
1087,4-5-2021,1154,50,initCraftableStats
1088,4-5-2021,1154,50,miningPlayerEntId
1089,4-5-2021,1154,50,addRecipesDyefood
1090,4-5-2021,1154,50,isInLove
1091,4-5-2021,1154,50,findPlayerToAttack
1092,4-5-2021,1154,50,initCraftableStats
1093,4-5-2021,1154,50,findPlayerToAttack
1094,4-5-2021,1154,50,updateLeashedState
1095,4-5-2021,1154,50,displayGUIWorkbench
1096,4-5-2021,1154,50,canMineBlock
1097,4-5-2021,1154,50,displayGUIWorkbench
1098,4-5-2021,1154,50,attemptDamageItem
1099,4-5-2021,1154,50,displayGUIWorkbench
1100,4-5-2021,1154,50,addRecipesDyefood
1101,4-5-2021,1154,50,onKillEntity
1102,4-5-2021,1154,50,findPlayerToAttack
1103,4-5-2021,1154,50,doesContainerItemLeaveCraftingGrid
1104,4-5-2021,1154,50,fall
1105,4-5-2021,1154,50,fall
1106,4-5-2021,1154,50,setInventorySlotContents
1107,4-5-2021,1154,50,dropFewItems
1108,4-5-2021,1154,50,canMineBlock
1109,4-5-2021,1154,50,canPickUpLoot
1110,4-5-2021,1154,50,addRecipesDyefood
1111,4-5-2021,1154,50,applyArmorCalculations
1112,4-5-2021,1154,50,applyArmorCalculations
1113,4-5-2021,1154,50,canBeSteered
1114,4-5-2021,1154,50,isBreedingItem
1115,4-5-2021,1154,50,canMineBlock
1116,4-5-2021,1154,50,miningPlayerEntId
1117,4-5-2021,1154,50,addRecipesTool
1118,4-5-2021,1154,50,doesContainerItemLeaveCraftingGrid
1119,4-5-2021,1154,50,isBreedingItem
1120,4-5-2021,1154,50,updateLeashedState
1121,4-5-2021,1154,50,addRecipesIngot
1122,4-5-2021,1154,50,displayGUIWorkbench
1123,4-5-2021,1154,50,applyArmorCalculations
1124,4-5-2021,1154,50,renderCrossedSquares
1125,4-5-2021,1154,50,setInventorySlotContents
1126,4-5-2021,1154,50,doesContainerItemLeaveCraftingGrid
1127,4-5-2021,1154,50,renderCrossedSquares
1128,4-5-2021,1154,50,doesContainerItemLeaveCraftingGrid
1129,4-5-2021,1154,50,onCrafting
1130,4-5-2021,1154,50,addRecipesDyefood
1131,4-5-2021,1154,50,matches
1132,4-5-2021,1154,50,addRecipesCrafting
1133,4-5-2021,1154,50,onKillEntity
1134,4-5-2021,1154,50,displayGUIWorkbench
1135,4-5-2021,1154,50,matches
1136,4-5-2021,1154,50,procreate
1137,4-5-2021,1154,50,attemptDamageItem
1138,4-5-2021,1154,50,attemptDamageItem
1139,4-5-2021,1154,50,doesContainerItemLeaveCraftingGrid
1140,4-5-2021,1154,50,miningPlayerEntId
1141,4-5-2021,1154,50,miningPlayerEntId
1142,4-5-2021,1154,50,addRecipesDyefood
1143,4-5-2021,1154,50,addRecipesTool
1144,4-5-2021,1154,50,setInventorySlotContents
1145,4-5-2021,1154,50,fall
1146,4-5-2021,1154,50,addRecipesDye
1147,4-5-2021,1154,50,procreate
1148,4-5-2021,1154,50,addRecipesDyefood
1149,4-5-2021,1154,50,applyArmorCalculations
1150,4-5-2021,1154,50,applyArmorCalculations
1151,4-5-2021,1154,50,canBeSteered
1152,4-5-2021,1154,50,miningPlayerEntId
1153,4-5-2021,1154,50,matches
1154,4-5-2021,1154,50,aquaAffinity
1155,4-5-2021,1154,50,findPlayerToAttack
1156,4-5-2021,1154,50,renderCrossedSquares
1157,4-5-2021,1154,50,findPlayerToAttack
1158,4-5-2021,1154,50,setInventorySlotContents
1159,4-5-2021,1154,50,addRecipesDye
1160,4-5-2021,1154,50,renderCrossedSquares
1161,4-5-2021,1154,50,dropFewItems
1162,4-5-2021,1154,50,isBreedingItem
1163,4-5-2021,1154,50,addRecipesWeapon
1164,4-5-2021,1154,50,fall
1165,4-5-2021,1154,50,aquaAffinity
1166,4-5-2021,1154,50,canMineBlock
1167,4-5-2021,1154,50,addRecipesWeapon
1168,4-5-2021,1154,50,procreate
1169,4-5-2021,1154,50,fall
1170,4-5-2021,1154,50,canMineBlock
1171,4-5-2021,1154,50,addRecipesCrafting
1172,4-5-2021,1154,50,procreate
1173,4-5-2021,1154,50,canMineBlock
1174,4-5-2021,1154,50,procreate
1175,4-5-2021,1154,50,getEntityToAttack
1176,4-5-2021,1154,50,addRecipesDye
1177,4-5-2021,1154,50,onCrafting
1178,4-5-2021,1154,50,addRecipesIngot
1179,4-5-2021,1154,50,canMineBlock
1180,4-5-2021,1154,50,doesContainerItemLeaveCraftingGrid
1181,4-5-2021,1154,50,canBeSteered
1182,4-5-2021,1154,50,displayGUIWorkbench
1183,4-5-2021,1154,50,displayGUIWorkbench
1184,4-5-2021,1154,50,getEntityToAttack
1185,4-5-2021,1154,50,updateLeashedState
1186,4-5-2021,1154,50,onCrafting
1187,4-5-2021,1154,50,canMineBlock
1188,4-5-2021,1154,50,setInventorySlotContents
1189,4-5-2021,1154,50,updateLeashedState
1190,4-5-2021,1154,50,updateLeashedState
1191,4-5-2021,1154,50,renderCrossedSquares
1192,4-5-2021,1154,50,addRecipesIngot
1193,4-5-2021,1154,50,displayGUIWorkbench
1194,4-5-2021,1154,50,matches
1195,4-5-2021,1154,50,initCraftableStats
1196,4-5-2021,1154,50,isBreedingItem
1197,4-5-2021,1154,50,findPlayerToAttack
1198,4-5-2021,1154,50,displayGUIWorkbench
1199,4-5-2021,1154,50,addRecipesDyefood
1200,5-5-2021,1154,50,getEntityToAttack
1201,5-5-2021,1154,50,addRecipesTool
1202,5-5-2021,1154,50,addRecipesIngot
1203,5-5-2021,1154,50,addRecipesWeapon
1204,5-5-2021,1154,50,procreate
1205,5-5-2021,1154,50,miningPlayerEntId
1206,5-5-2021,1154,50,addRecipesDyefood
1207,5-5-2021,1154,50,fall
1208,5-5-2021,1154,50,addRecipesWeapon
1209,5-5-2021,1154,50,addRecipesCrafting
1210,5-5-2021,1154,50,procreate
1211,5-5-2021,1154,50,setInventorySlotContents
1212,5-5-2021,1154,50,isInLove
1213,5-5-2021,1154,50,miningPlayerEntId
1214,5-5-2021,1154,50,onKillEntity
1215,5-5-2021,1154,50,onCrafting
1216,5-5-2021,1154,50,fall
1217,5-5-2021,1154,50,displayGUIWorkbench
1218,5-5-2021,1154,50,initCraftableStats
1219,5-5-2021,1154,50,getEntityToAttack
1220,5-5-2021,1154,50,renderCrossedSquares
1221,5-5-2021,1154,50,canPickUpLoot
1222,5-5-2021,1154,50,addRecipesWeapon
1223,5-5-2021,1154,50,getEntityToAttack
1224,5-5-2021,1154,50,displayGUIWorkbench
1225,5-5-2021,1154,50,updateLeashedState
1226,5-5-2021,1154,50,aquaAffinity
1227,5-5-2021,1154,50,getCraftingResult
1228,5-5-2021,1154,50,procreate
1229,5-5-2021,1154,50,attemptDamageItem
1230,5-5-2021,1154,50,findPlayerToAttack
1231,5-5-2021,1154,50,procreate
1232,5-5-2021,1154,50,fall
1233,5-5-2021,1154,50,procreate
1234,5-5-2021,1154,50,findPlayerToAttack
1235,5-5-2021,1154,50,aquaAffinity
1236,5-5-2021,1154,50,onCrafting
1237,5-5-2021,1154,50,isBreedingItem
1238,5-5-2021,1154,50,matches
1239,5-5-2021,1154,50,applyArmorCalculations
1240,5-5-2021,1154,50,aquaAffinity
1241,5-5-2021,1154,50,attemptDamageItem
1242,5-5-2021,1154,50,renderCrossedSquares
1243,5-5-2021,1154,50,addRecipesDyefood
1244,5-5-2021,1154,50,dropFewItems
1245,5-5-2021,1154,50,initCraftableStats
1246,5-5-2021,1154,50,canBeSteered
1247,5-5-2021,1154,50,attemptDamageItem
1248,5-5-2021,1154,50,fall
1249,5-5-2021,1154,50,addRecipesTool
1250,5-5-2021,1154,50,attemptDamageItem
1251,5-5-2021,1154,50,getEntityToAttack
1252,5-5-2021,1154,50,aquaAffinity
1253,5-5-2021,1154,50,isInLove
1254,5-5-2021,1154,50,getCraftingResult
1255,5-5-2021,1154,50,onKillEntity
1256,5-5-2021,1154,50,addRecipesIngot
1257,5-5-2021,1154,50,procreate
1258,5-5-2021,1154,50,attemptDamageItem
1259,5-5-2021,1154,50,renderCrossedSquares
1260,5-5-2021,1154,50,getCraftingResult
1261,5-5-2021,1154,50,addRecipesCrafting
1262,5-5-2021,1154,50,setInventorySlotContents
1263,5-5-2021,1154,50,applyArmorCalculations
1264,5-5-2021,1154,50,procreate
1265,5-5-2021,1154,50,miningPlayerEntId
1266,5-5-2021,1154,50,findPlayerToAttack
1267,5-5-2021,1154,50,canBeSteered
1268,5-5-2021,1154,50,canPickUpLoot
1269,5-5-2021,1154,50,miningPlayerEntId
1270,5-5-2021,1154,50,updateLeashedState
1271,5-5-2021,1154,50,aquaAffinity
1272,5-5-2021,1154,50,renderCrossedSquares
1273,5-5-2021,1154,50,canMineBlock
1274,5-5-2021,1154,50,onKillEntity
1275,5-5-2021,1154,50,initCraftableStats
1276,5-5-2021,1154,50,canMineBlock
1277,5-5-2021,1154,50,procreate
1278,5-5-2021,1154,50,fall
1279,5-5-2021,1154,50,canMineBlock
1280,5-5-2021,1154,50,miningPlayerEntId
1281,5-5-2021,1154,50,onKillEntity
1282,5-5-2021,1154,50,matches
1283,5-5-2021,1154,50,addRecipesCrafting
1284,5-5-2021,1154,50,addRecipesWeapon
1285,5-5-2021,1154,50,canMineBlock
1286,5-5-2021,1154,50,isBreedingItem
1287,5-5-2021,1154,50,attemptDamageItem
1288,5-5-2021,1154,50,addRecipesTool
1289,5-5-2021,1154,50,onCrafting
1290,5-5-2021,1154,50,fall
1291,5-5-2021,1154,50,renderCrossedSquares
1292,5-5-2021,1154,50,procreate
1293,5-5-2021,1154,50,renderCrossedSquares
1294,5-5-2021,1154,50,aquaAffinity
1295,5-5-2021,1154,50,canPickUpLoot
1296,5-5-2021,1154,50,fall
1297,5-5-2021,1154,50,addRecipesIngot
1298,5-5-2021,1154,50,dropFewItems
1299,5-5-2021,1154,50,canMineBlock
1300,5-5-2021,1154,50,getEntityToAttack
1301,5-5-2021,1154,50,canBeSteered
1302,5-5-2021,1154,50,addRecipesDye
1303,5-5-2021,1154,50,addRecipesCrafting
1304,5-5-2021,1154,50,onKillEntity
1305,5-5-2021,1154,50,dropFewItems
1306,5-5-2021,1154,50,attemptDamageItem
1307,5-5-2021,1154,50,addRecipesWeapon
1308,5-5-2021,1154,50,applyArmorCalculations
1309,5-5-2021,1154,50,addRecipesDye
1310,5-5-2021,1154,50,addRecipesDyefood
1311,5-5-2021,1154,50,aquaAffinity
1312,5-5-2021,1154,50,addRecipesDyefood
1313,5-5-2021,1154,50,getEntityToAttack
1314,5-5-2021,1154,50,setInventorySlotContents
1315,5-5-2021,1154,50,setInventorySlotContents
1316,5-5-2021,1154,50,applyArmorCalculations
1317,5-5-2021,1154,50,setInventorySlotContents
1318,5-5-2021,1154,50,aquaAffinity
1319,5-5-2021,1154,50,initCraftableStats
1320,5-5-2021,1154,50,addRecipesDye
1321,5-5-2021,1154,50,canMineBlock
1322,5-5-2021,1154,50,onKillEntity
1323,5-5-2021,1154,50,displayGUIWorkbench
1324,5-5-2021,1154,50,addRecipesDyefood
1325,5-5-2021,1154,50,fall
1326,5-5-2021,1154,50,renderCrossedSquares
1327,5-5-2021,1154,50,isInLove
1328,5-5-2021,1154,50,attemptDamageItem
1329,5-5-2021,1154,50,canMineBlock
1330,5-5-2021,1154,50,addRecipesTool
1331,5-5-2021,1154,50,isInLove
1332,5-5-2021,1154,50,displayGUIWorkbench
1333,5-5-2021,1154,50,dropFewItems
1334,5-5-2021,1154,50,onKillEntity
1335,5-5-2021,1154,50,fall
1336,5-5-2021,1154,50,attemptDamageItem
1337,5-5-2021,1154,50,fall
1338,5-5-2021,1154,50,canPickUpLoot
1339,5-5-2021,1154,50,initCraftableStats
1340,5-5-2021,1154,50,dropFewItems
1341,5-5-2021,1154,50,fall
1342,5-5-2021,1154,50,procreate
1343,5-5-2021,1154,50,onKillEntity
1344,5-5-2021,1154,50,applyArmorCalculations
1345,5-5-2021,1154,50,matches
1346,5-5-2021,1154,50,aquaAffinity
1347,5-5-2021,1154,50,matches
1348,5-5-2021,1154,50,addRecipesDye
1349,5-5-2021,1154,50,fall
1350,5-5-2021,1154,50,procreate
1351,5-5-2021,1154,50,addRecipesWeapon
1352,5-5-2021,1154,50,aquaAffinity
1353,5-5-2021,1154,50,fall
1354,5-5-2021,1154,50,canPickUpLoot
1355,5-5-2021,1154,50,getCraftingResult
1356,5-5-2021,1154,50,doesContainerItemLeaveCraftingGrid
1357,5-5-2021,1154,50,addRecipesIngot
1358,5-5-2021,1154,50,miningPlayerEntId
1359,5-5-2021,1154,50,procreate
1360,5-5-2021,1154,50,canBeSteered
1361,5-5-2021,1154,50,miningPlayerEntId
1362,5-5-2021,1154,50,findPlayerToAttack
1363,5-5-2021,1154,50,doesContainerItemLeaveCraftingGrid
1364,5-5-2021,1154,50,addRecipesTool
1365,5-5-2021,1154,50,doesContainerItemLeaveCraftingGrid
1366,5-5-2021,1154,50,dropFewItems
1367,5-5-2021,1154,50,isBreedingItem
1368,5-5-2021,1154,50,addRecipesWeapon
1369,5-5-2021,1154,50,addRecipesIngot
1370,5-5-2021,1154,50,displayGUIWorkbench
1371,5-5-2021,1154,50,addRecipesTool
1372,5-5-2021,1154,50,getEntityToAttack
1373,5-5-2021,1154,50,updateLeashedState
1374,5-5-2021,1154,50,setInventorySlotContents
1375,5-5-2021,1154,50,setInventorySlotContents
1376,5-5-2021,1154,50,canMineBlock
1377,5-5-2021,1154,50,canPickUpLoot
1378,5-5-2021,1154,50,onCrafting
1379,5-5-2021,1154,50,findPlayerToAttack
1380,5-5-2021,1154,50,addRecipesWeapon
1381,5-5-2021,1154,50,aquaAffinity
1382,5-5-2021,1154,50,applyArmorCalculations
1383,5-5-2021,1154,50,updateLeashedState
1384,5-5-2021,1154,50,setInventorySlotContents
1385,5-5-2021,1154,50,onKillEntity
1386,5-5-2021,1154,50,setInventorySlotContents
1387,5-5-2021,1154,50,fall
1388,5-5-2021,1154,50,addRecipesIngot
1389,5-5-2021,1154,50,displayGUIWorkbench
1390,5-5-2021,1154,50,findPlayerToAttack
1391,5-5-2021,1154,50,addRecipesWeapon
1392,5-5-2021,1154,50,isInLove
1393,5-5-2021,1154,50,canMineBlock
1394,5-5-2021,1154,50,addRecipesTool
1395,5-5-2021,1154,50,isInLove
1396,5-5-2021,1154,50,isBreedingItem
1397,5-5-2021,1154,50,findPlayerToAttack
1398,5-5-2021,1154,50,miningPlayerEntId
1399,5-5-2021,1154,50,setInventorySlotContents
1400,5-5-2021,1154,50,findPlayerToAttack
1401,5-5-2021,1154,50,onKillEntity
1402,5-5-2021,1154,50,canMineBlock
1403,5-5-2021,1154,50,aquaAffinity
1404,5-5-2021,1154,50,renderCrossedSquares
1405,5-5-2021,1154,50,addRecipesCrafting
1406,5-5-2021,1154,50,onKillEntity
1407,5-5-2021,1154,50,isInLove
1408,5-5-2021,1154,50,initCraftableStats
1409,5-5-2021,1154,50,attemptDamageItem
1410,5-5-2021,1154,50,getCraftingResult
1411,5-5-2021,1154,50,addRecipesWeapon
1412,5-5-2021,1154,50,canPickUpLoot
1413,5-5-2021,1154,50,canMineBlock
1414,5-5-2021,1154,50,fall
1415,5-5-2021,1154,50,addRecipesWeapon
1416,5-5-2021,1154,50,displayGUIWorkbench
1417,5-5-2021,1154,50,doesContainerItemLeaveCraftingGrid
1418,5-5-2021,1154,50,onKillEntity
1419,5-5-2021,1154,50,initCraftableStats
1420,5-5-2021,1154,50,findPlayerToAttack
1421,5-5-2021,1154,50,addRecipesDyefood
1422,5-5-2021,1154,50,onKillEntity
1423,5-5-2021,1154,50,procreate
1424,5-5-2021,1154,50,onCrafting
1425,5-5-2021,1154,50,updateLeashedState
1426,5-5-2021,1154,50,aquaAffinity
1427,5-5-2021,1154,50,renderCrossedSquares
1428,5-5-2021,1154,50,applyArmorCalculations
1429,5-5-2021,1154,50,getEntityToAttack
1430,5-5-2021,1154,50,addRecipesWeapon
1431,5-5-2021,1154,50,attemptDamageItem
1432,5-5-2021,1154,50,attemptDamageItem
1433,5-5-2021,1154,50,aquaAffinity
1434,5-5-2021,1154,50,getCraftingResult
1435,5-5-2021,1154,50,displayGUIWorkbench
1436,5-5-2021,1154,50,addRecipesTool
1437,5-5-2021,1154,50,addRecipesDyefood
1438,5-5-2021,1154,50,getEntityToAttack
1439,5-5-2021,1154,50,aquaAffinity
1440,5-5-2021,1154,50,renderCrossedSquares
1441,5-5-2021,1154,50,addRecipesDye
1442,5-5-2021,1154,50,isInLove
1443,5-5-2021,1154,50,onCrafting
1444,5-5-2021,1154,50,isBreedingItem
1445,5-5-2021,1154,50,matches
1446,5-5-2021,1154,50,onCrafting
1447,5-5-2021,1154,50,attemptDamageItem
1448,5-5-2021,1154,50,getCraftingResult
1449,5-5-2021,1154,50,canMineBlock
1450,5-5-2021,1154,50,canMineBlock
1451,5-5-2021,1154,50,canBeSteered
1452,5-5-2021,1154,50,fall
1453,5-5-2021,1154,50,aquaAffinity
1454,5-5-2021,1154,50,updateLeashedState
1455,5-5-2021,1154,50,addRecipesCrafting
1456,5-5-2021,1154,50,addRecipesIngot
1457,5-5-2021,1154,50,setInventorySlotContents
1458,5-5-2021,1154,50,isBreedingItem
1459,5-5-2021,1154,50,getEntityToAttack
1460,5-5-2021,1154,50,fall
1461,5-5-2021,1154,50,getEntityToAttack
1462,5-5-2021,1154,50,attemptDamageItem
1463,5-5-2021,1154,50,matches
1464,5-5-2021,1154,50,onKillEntity
1465,5-5-2021,1154,50,isBreedingItem
1466,5-5-2021,1154,50,isBreedingItem
1467,5-5-2021,1154,50,canPickUpLoot
1468,5-5-2021,1154,50,getEntityToAttack
1469,5-5-2021,1154,50,canPickUpLoot
1470,5-5-2021,1154,50,addRecipesCrafting
1471,5-5-2021,1154,50,fall
1472,5-5-2021,1154,50,initCraftableStats
1473,5-5-2021,1154,50,addRecipesWeapon
1474,5-5-2021,1154,50,addRecipesCrafting
1475,5-5-2021,1154,50,updateLeashedState
1476,5-5-2021,1154,50,addRecipesTool
1477,5-5-2021,1154,50,dropFewItems
1478,5-5-2021,1154,50,canPickUpLoot
1479,5-5-2021,1154,50,applyArmorCalculations
1480,5-5-2021,1154,50,aquaAffinity
1481,5-5-2021,1154,50,renderCrossedSquares
1482,5-5-2021,1154,50,dropFewItems
1483,5-5-2021,1154,50,isInLove
1484,5-5-2021,1154,50,findPlayerToAttack
1485,5-5-2021,1154,50,addRecipesIngot
1486,5-5-2021,1154,50,isInLove
1487,5-5-2021,1154,50,procreate
1488,5-5-2021,1154,50,procreate
1489,5-5-2021,1154,50,onCrafting
1490,5-5-2021,1154,50,miningPlayerEntId
1491,5-5-2021,1154,50,matches
1492,5-5-2021,1154,50,findPlayerToAttack
1493,5-5-2021,1154,50,getCraftingResult
1494,5-5-2021,1154,50,getCraftingResult
1495,5-5-2021,1154,50,doesContainerItemLeaveCraftingGrid
1496,5-5-2021,1154,50,dropFewItems
1497,5-5-2021,1154,50,canPickUpLoot
1498,5-5-2021,1154,50,canBeSteered
1499,5-5-2021,1154,50,addRecipesIngot
